customer_id,name,age,city,join_date,is_churn
7e2510b2-3773-4756-a0d5-4b7d5b12945c,Melissa Ashley,19,Kimberlymouth,2024-11-08,0
e8761726-061f-4a03-bde0-b4f80a8ac0f4,Amy Rich,48,Lake Deborahberg,2024-09-10,0
d4bb9c3e-d876-4cab-b4ca-3f6af3d06106,Micheal Torres,31,Ramseyview,2025-11-29,0
ab250652-8688-4a2e-a5da-e1c6db31a56e,William Garcia,39,Paulview,2024-11-17,0
741bdece-2ee9-4d45-8ab1-0388f694dcd6,Christopher Walsh,64,Melissaborough,2025-01-27,0
eac10a5d-1b75-4878-9d64-974e07246088,Laura Willis,20,Port Justinshire,2025-08-30,1
49c482d6-25ff-43e8-9699-ad8e8df392fa,Karen Diaz,42,Jimmyborough,2025-09-03,0
8e1c0444-29db-472b-8a03-0ff735256e00,Caleb Boyd,50,Zacharymouth,2025-04-02,0
51b1ccd2-fc61-4556-a97f-80394b595eaf,Kevin Murphy,47,Brownshire,2024-07-29,0
e202315f-3f26-49e2-8a12-de0d64a204c4,Gary Hill,33,Lake Robert,2025-08-17,0
db5556ed-b626-4be7-9cff-1bded66a8170,Matthew Acevedo,59,Travismouth,2025-11-24,0
a553f9de-a250-487b-9fd9-2606f3e5888a,Lisa Hansen,71,Jameshaven,2024-02-10,0
65798b1d-9e4c-4939-b0f0-da9d3093878e,Amanda Sanchez,24,West Michael,2025-01-26,0
17b3d2ee-1619-4366-803e-cd37cf719638,Hannah Patrick,26,North Ana,2024-08-31,0
cad881d7-13f9-4d9c-8aaf-0e976def7fdc,Joseph Allison,47,Charlesstad,2024-09-17,0
342a18b6-5684-4681-bbfd-bac60b72cc62,Alyssa Gill,59,Victoriamouth,2025-05-08,0
ac115d89-21db-4b6a-85eb-48834c287dfe,Trevor Mendez,20,Lake Travisburgh,2025-03-08,1
1a2e1857-8df9-4384-a9b1-c0c3a02061a1,Kendra Walker,39,Lowestad,2025-02-15,0
55f0f8b5-b355-464b-9292-62c9b6940bed,Tracy Howe,32,New Linda,2025-02-25,0
dc0de256-9582-48bd-b23c-693b5e547772,Courtney Mooney,44,Hendersonside,2023-12-27,0
3c4ebb56-a19d-4b1f-a34e-e98e1eab00d2,Douglas Jenkins,48,Morganfurt,2025-06-23,0
b5285d54-b1ba-40d6-bf49-e3e9bbceffcd,Danny Foster,19,Tonyburgh,2024-05-05,0
c153e0ee-04c3-4379-9cd7-b628b5f5fedc,Lauren Adams,29,North Anthony,2025-08-23,1
cd548f90-9a2e-403d-9d7b-cbc96de87189,William Burke,51,Matthewfurt,2024-10-12,0
a6cede9a-aafe-4fc3-aa78-d919657908ac,Madeline Oconnor,71,Port Laurenfurt,2025-05-23,0
343e3f16-364a-4b69-8f9f-2dccdc6a02a9,Robert Garcia,39,Lake Eric,2024-02-06,0
be776b80-5ca2-41d0-bfcd-62e5b9c84853,Logan Richardson,47,Parkerberg,2024-02-01,0
b5e036b4-7791-49e1-b23a-1b0cf859ecbb,Cynthia Kennedy,66,Lake Sandra,2024-10-07,1
b1ccac3f-8d2f-4503-899c-fc136b22c75c,Sarah James,69,East Kelly,2024-07-15,0
7760bfa7-0cf6-4a33-9b11-b269162e75a9,Jonathan Bond,43,Gordonshire,2024-04-27,0
b2a295e0-c89c-4c59-b8a7-74461023d20a,Crystal Garcia,42,Josephtown,2025-01-23,0
2011d210-cc9d-4b1b-a4bf-72a033609eda,Hunter Mayo,31,North Gabriel,2025-11-22,0
5594b0ea-c4dd-456b-9a26-b4c4a8270401,Benjamin Arias,73,Smithtown,2024-04-10,1
a5d936da-4c0a-4339-b72e-99aa2a604f42,Bradley Jenkins,61,Barnesmouth,2025-04-30,0
477d3ded-329a-47ba-8110-9f93478372f9,Mark Rivera,57,West Paige,2025-07-28,0
9893c7f1-2614-48ef-baee-c6a69c7e8603,Kyle Page,50,Richardberg,2025-04-30,1
17fda740-2db6-4576-b404-0e76e32df4d6,Craig Mcguire,39,Port Jonathon,2025-05-03,0
bb28d791-935e-4a7c-bea2-196e39265287,Laura Liu,20,Hansenton,2024-03-02,1
3bf0f941-0920-4537-ba0e-5c633bf10a63,Micheal Miller,66,Lake Alexis,2025-10-26,0
f525b00a-9272-4c75-a303-a5a8bd9056a6,Richard Christensen,42,Lake Mark,2025-03-08,0
3b72c68a-df23-4ba1-8b7b-fdadd12b7829,Brittany Glover,51,Melissatown,2025-01-13,0
460b87e2-bafa-4e1a-bc44-4db35e99429f,Carrie Juarez,56,Jasonfort,2024-09-13,0
4501065e-483b-4fd3-864d-703f6c61fac7,David Espinoza,63,North John,2025-11-07,0
49e0feda-51a2-4560-9a8d-2900751c47de,Bryan Sullivan,70,Mirandahaven,2024-04-10,0
261804b6-ddb2-43bc-ae27-1c1996fd15e6,Katrina Miller,71,Lake Daniel,2025-05-11,1
7c785d29-4b01-4d71-9787-d3ab40a0f6a4,Olivia Robinson,39,Joeview,2024-05-07,1
ef63f932-0cc8-4e5b-9e8e-49207860d185,William Parsons,65,Lake Michael,2024-11-02,0
e004ad10-fac2-4d05-bb24-4a72dee47070,Michael Forbes,75,New Julia,2024-11-20,0
7cf48fdb-72c1-455f-bffd-5b9049c2f281,Leslie Simmons,53,Melissafort,2025-07-28,0
6ebbb2d8-77ca-4d93-bdf9-8c763f9c9251,Michael Duncan,35,Smithshire,2024-01-24,1
5162f4df-a5d3-46bd-83be-ed815e1243ca,Caitlin Williams,30,Jadehaven,2024-06-26,0
21943bf3-b7f8-4cfd-aace-c189a923b730,Deborah Ellis,37,Garychester,2025-08-29,1
24d0682e-7c8a-477c-a269-c1ec4bb65502,Joanna Harding,58,Port Timothy,2025-08-13,0
1b9d3d43-aeb2-4bb4-9fe6-88c29d7732e0,Paul Harper,18,Reedchester,2023-12-27,0
9c911823-963a-4ae3-aa6d-c6ac809c2c66,Jerry Sanchez,75,West Jordan,2025-08-28,1
36704879-00cf-457e-ae2d-fab110aa073f,Lisa Orozco,53,Leshire,2024-06-20,1
fb0e9d62-f660-4a74-a5f3-bbc7bdb56c3c,Stephen Meadows,22,New Arthur,2024-03-13,0
c50d6ad8-43cb-46f6-a7bc-d01f2896ff16,Andrew Sanchez,33,East Shawnside,2024-04-09,1
0da9e670-4d92-441c-bfd6-53d80cfb62f2,Gregory Wise,36,South Christinetown,2025-07-25,1
0c75bd18-a050-4840-ae28-e94ad1ccb536,Sarah Davis,61,Frenchville,2024-03-20,1
6f817a41-71b2-4d34-91c0-4900f376629e,Theresa Macias,71,Clairebury,2024-06-27,1
2a6a6dc3-84e3-42c4-b68d-fe4a03d535a1,Jennifer Brooks,36,Ruthtown,2025-04-26,0
e5ee4e61-4d97-4f9c-b821-39a28979be55,Lauren Webb,28,Lake Jamesport,2025-04-09,0
dd6c9d71-66ef-4090-8e3a-cdb56f151568,Christina Cooley,54,South Josephville,2025-02-18,0
0ac63a95-92cc-42ee-aae7-a0620a763f86,Michael Collins,40,Jamesstad,2025-02-25,0
248add06-cdd3-4016-82f0-fab790585e6f,Lindsey Smith,31,Rodriguezton,2024-04-02,0
108e23c5-21df-4d72-a591-18494d5cb562,Michael Robinson,41,West Travisfurt,2024-06-17,1
ebc40529-31c9-48f0-a4d4-57b47484a97a,Sandra Martinez,42,Joyport,2024-12-22,0
10265857-4f45-4b1b-a7c9-0ef21a64d1be,Ashley Newman,25,Ashleyview,2024-03-21,0
e496b776-74ef-4e80-91be-20f79c3ca68e,Rebecca Davis,70,Rubioland,2025-04-25,1
9e4444f8-71db-4482-834d-0adbb9361548,Andrea Wilson,32,West Mercedeshaven,2024-06-23,0
2908c66b-507c-4721-a22f-dced6da82e55,Jose Davis,53,Port Jessicastad,2024-04-27,1
996d6440-6f31-4929-9104-df578ce9d1b2,Courtney Ford,36,Andrewtown,2024-09-01,1
f5038ff5-3ce7-48f5-b557-8a07f50907fb,Bruce Gregory,44,Martinezburgh,2024-03-12,0
777f0d02-e8e9-4c4d-bd2f-80209110544b,Matthew Chen,32,Karenburgh,2025-04-01,0
6d13d977-f4b5-4451-b1fb-a7869b7ffc47,Jessica Wright,70,New Deanna,2024-12-05,0
be342684-2f99-4244-9639-9e19f4a9b5aa,Keith Sims,38,Randybury,2025-12-11,0
9c994c0a-6f2e-4c43-a7d3-c7dffeae9194,John Rodriguez,25,Ashleyport,2023-12-27,0
af101757-113e-4809-92df-bbf061510f92,Caitlyn Austin,22,Scottchester,2025-02-08,0
6d58e2dc-7812-48dd-969d-e6a962cc4c27,Meredith Frye,37,West Steven,2024-01-17,1
66ff062e-d909-4516-8011-c849efa5d89d,Lee Ruiz,27,Bryanview,2025-07-25,0
f32f3ffd-1671-451f-aedb-6611d7460e86,Anna Aguilar,52,Port Susan,2024-10-09,0
403fcede-ac9c-4e5e-829b-d275aa37fb29,Gary Ramirez PhD,19,Davisville,2024-01-02,0
4c49da5e-10de-4090-863f-d7fe8c53591a,Robert Smith,72,Port Sylvia,2024-09-10,1
ca91fba3-a7df-40fa-8ebc-fac6f9f7d035,Tommy Hodge,68,Sweeneyburgh,2025-06-23,0
9447e413-412f-48d6-8b81-956e4d2f1cd3,Karen Short,48,Brooksborough,2024-05-25,0
fae81048-d410-4383-9097-7bcd336fcf8e,Rebekah Bryant,58,Brockstad,2025-08-29,0
b8a0e3bc-8912-4fea-b5b3-3c2b038cc7f1,Katherine Ross,26,Murraymouth,2024-12-16,0
6f50419e-5f33-4953-9fb6-2439b5427576,Jennifer Garcia,71,Paulview,2024-02-14,0
35eacfae-58ae-4c15-b620-9244b4f91c10,Paige Williams,69,East Kristineville,2025-09-09,1
9372f346-1cb1-4976-b6dc-271fd56422c5,Richard Ramirez,27,Ericside,2024-06-02,0
8b28dc6f-79ce-4c98-afde-69a84b42bce9,Andrew Richardson,31,Taylorborough,2024-04-25,0
e9b522ba-df62-4fc4-a32a-dcbc65fd4bdc,Nichole Wood,51,South Rachel,2024-05-29,0
d58c73da-3c0d-4497-806f-1b246b6ffae1,Nathan Clayton,21,New Melissa,2025-04-25,0
56350e4f-bb8e-45ea-b39a-cbcabe37a3f9,Angela Newman,61,Crystalside,2024-02-10,0
c82616a5-a941-4df9-8408-12e32c6a1d48,Robin Hoover,69,Susanfort,2024-08-30,1
8d7752f2-191c-44b9-bc77-09367daaee12,Matthew Young,73,Lake Daniel,2024-07-16,0
2f9c419f-53ff-4a4f-805b-43312c8ae60a,Dana Norris,44,South Alyssatown,2024-09-27,0
63ff5335-47fa-4a6e-b6fb-28b6698bfcf0,Tyler Hernandez,55,East Steven,2024-08-31,0
6fb34370-ecad-4401-96ed-c55731f60c97,Nathan Cooper,45,West Erinberg,2025-08-01,0
54cb3bd5-fe12-4f3b-a46e-6407e72d64d3,Rachel Ross,54,Glenshire,2024-04-11,0
03ad004c-d897-4acb-9234-bf699fa196b2,Bethany Franklin,54,Markbury,2025-07-19,0
580f0799-7037-446a-9627-92fb5e777997,Jessica Grimes,48,West Thomas,2025-08-18,0
c583e007-0a4e-4889-9708-96d5656261dc,Megan Fischer,54,Roseshire,2024-06-22,1
f77795f3-0d2e-41a1-adc2-27e1e7d18daa,Glenn Todd,46,West Gregoryport,2024-09-27,1
24e5d2f6-052c-450a-9fb5-43f8d3fe071a,Jaime Wilson,56,Laneshire,2023-12-26,0
d083e073-6f60-46cb-bc12-d4c8d5de7e3e,Alicia King,18,Port Brandonville,2024-10-22,0
cd09a7a7-1f06-4f32-82a8-0f4d36af6b62,Christine Williams,46,New Jesse,2025-03-16,0
3c43bf7b-5ebd-4ea5-be01-66012fcdc823,Logan Anderson,49,Andersonport,2024-12-19,0
23616ecf-e776-4689-8c71-76979529dfef,Frederick Brady,58,Jacquelinestad,2024-05-21,0
a6f488c7-776e-4f33-ae0d-69c4a6a72e3b,Stacey Scott,41,East Charlesside,2024-08-25,0
85d9ce92-d9ff-4971-a34c-3712f43f5545,Christopher Cameron,75,Heatherberg,2024-04-27,0
41a2229f-e916-4440-b3dc-2445328830d1,Jaime Jacobs,19,Frankview,2024-02-23,0
a50eb1e0-d3e9-4e28-82ab-88c38e09d303,Jose Smith,37,New Todd,2024-05-02,0
76ad94b4-6fe4-492c-8b84-00a83ff09afb,Patrick Adams,37,East Stephenstad,2024-01-07,0
36535c15-3c08-4873-8ca7-2e0ed4e81496,Martha Wilson,72,Port Lindaview,2024-07-31,0
63dec8dc-a9f3-4a78-8441-dc929f6b87ee,Dr. Kenneth Wang Jr.,24,Baileyshire,2024-02-15,1
4f5bf07d-2be2-4865-a730-daaeed3aa523,Crystal Lowery,68,West Rhondamouth,2024-08-02,0
ee98c5cb-1479-40e8-9818-673c1b418d45,Jamie Nguyen,70,Courtneyborough,2025-11-06,0
a1f511c5-f136-4c7d-ae8d-1088347074cf,Nancy Hanson,47,Ericafort,2024-11-15,0
1f904d92-bce6-4342-970d-0ddfc18d7049,Catherine Murphy,35,South Tonymouth,2025-10-14,0
90a84cd2-58b2-4a1c-b259-5ced6dedd803,Mark Anderson,28,Port Erin,2024-06-09,1
9e9ca0ac-e727-417a-ac57-eb1b85ff16ad,Jason Meyer,29,Martinmouth,2025-02-18,1
7bae3196-a07f-4ae1-b363-e17b6ceb5900,Linda Ward,65,Holtville,2024-06-06,1
1005cf4f-1c26-4454-a52a-15ca1274bc1a,Scott Fisher,39,North Joel,2024-04-22,0
138fa2bb-584f-4dd0-a1ee-fa6248087c2b,Matthew Fisher,45,North Toddbury,2024-10-17,0
975ce120-e008-41bf-af01-4ae75eec2a2c,Amy Owens,23,Lake Daniel,2024-05-19,0
5e9ead69-fe68-40ec-b227-e44f4f3a0622,Steven Craig,35,Melissaview,2025-09-07,0
5095906f-b787-45b4-b227-d55b38010c52,Laura Schneider,42,Erinhaven,2024-01-06,0
28d89eed-5908-4c98-ada2-e9d540d0fe43,Charles Watson,58,West Adamborough,2025-02-20,0
10379f88-9fa8-4a1e-a7c0-293ee7d3d1c1,Misty Goodwin,35,North Amanda,2025-01-05,0
c6a00bfe-06e8-467e-bfbb-4b974cebe911,Crystal Holland,37,Smithton,2024-09-03,1
9fb01902-bc9a-427f-a993-e50c32865497,Donna Bryant,61,Franklinburgh,2024-02-06,0
2625d1b5-814a-46f6-a38d-f5272c720ba3,Gail Freeman,24,South Saraside,2024-03-18,0
a07cf1b0-e58a-4908-9f6c-87c09c20ffb0,Debbie Lewis,19,Hopkinsmouth,2025-04-29,0
08eac357-53ee-4105-9009-c07953e9cb81,James Holden,19,Katherinemouth,2024-09-17,0
365fcd11-760d-46c6-9331-499da6914aaf,Eddie Burton,42,Lake Gary,2024-06-18,0
15cc2f71-7d33-48d5-88b1-76878a5d5ab4,Allen Young,58,Robertview,2025-11-02,0
03ccfaab-4129-4b99-ac2f-2806c00a5e51,Jason Hurley,46,Jamesstad,2025-07-26,0
67306488-f74d-4827-aa0e-6ccea98db013,Daniel Hubbard,26,Lake Alexander,2025-05-07,0
90df453a-229d-49cf-bc95-f5f1fe4674e8,Karla Torres,37,Solisview,2025-05-18,0
0259ea5e-80b2-4c05-b478-40b8e1fc75b3,Clinton Spencer,67,Lake John,2024-11-30,1
52d43cd2-d1e4-4796-b662-009215b17656,Jeremiah Stevenson,34,Rebeccaside,2025-09-06,0
88245a40-91a5-4c4c-afb3-d21b08befd0b,Alexa Harris,36,Port Kendra,2025-04-22,0
9ac0a1b5-c9d4-4e48-a17d-ed60e8215023,Tracy Santana,24,Rollinstown,2025-01-22,0
77b1900a-6af9-4bbf-843c-464021c7a0ca,Steven Carter,55,Rebeccafurt,2024-08-16,0
95233859-6fbc-428e-b97a-19d3e13ced0a,Lisa Bowers,30,Yoderhaven,2024-11-07,0
cb2f6ddb-66d6-48bc-bdf5-171d0c9ea945,Steven Johnson,20,Emilybury,2025-07-31,1
4166070a-7568-4591-9315-158e34d684c4,Kimberly Short,72,Johnsontown,2024-06-01,0
a8b3fa92-b6df-41b2-9e71-9e9ef5a818e4,Craig Khan,36,North Heatherhaven,2024-08-03,0
daa77ec2-dc9b-40a3-b8b3-3575ee939543,Julie Obrien,50,Port Thomashaven,2025-10-22,0
74b15da9-9190-46d7-b084-a83a9801c36f,James Gonzalez,75,Bradleyville,2025-10-18,0
75a9271c-85a7-498b-aa26-e7de326af750,Ryan Shepherd,70,Port Eric,2024-05-04,0
1450b0f5-d81a-4b49-8111-0db16d13feaf,Amy Miller,51,New Kathryn,2024-05-20,0
42d0cc7a-3c0a-4ce2-a501-f76d6c4b4cb1,Robert Sanchez,37,West Jack,2024-09-14,0
6e8fe836-0a07-4d3b-8cf1-eb97fbe6956f,Karen Guzman,28,West Christian,2024-02-12,0
e307931a-7c00-4e7d-84fb-e43bc805574b,Mark Ross,19,Port Derrickside,2025-09-14,0
a2057843-c7b0-4905-bc3f-0fb4d5316527,Samantha Lowe,38,Port Derek,2024-04-06,0
e8b01e8a-c57e-4550-ae05-035c2bc38c88,Denise Burns,64,East Emilyfort,2025-02-14,0
8b123df9-f3c0-4952-a269-01f377ddddcb,Jenna Wilson,67,Smithstad,2025-12-10,0
58c9d450-8b34-4fcf-9175-e669ddd7e776,Nicole Davis,75,Port Danielfurt,2024-01-24,1
d01371a9-b657-4f8a-8da5-494d3b819c38,Kimberly Brown,51,Johnborough,2024-11-11,0
f65687f7-7d7a-45b8-a113-bfc77d4ee30d,Marc Anderson,19,Ashleytown,2025-05-17,0
02928e00-48ce-4dc6-97b3-5da1caf9fd19,Megan Bowman,54,North Davidport,2024-05-28,0
2cacc1e8-dddb-42ab-808f-80310e752d4b,Michael Lawson,58,Port Vincentstad,2025-08-17,0
aa5afba1-7286-46da-9bf3-531a4fa2d99e,Brandon Davis,22,Huntbury,2025-11-17,1
c548b6cf-4258-45eb-afe3-418081694bc3,Savannah Cook,62,Jackmouth,2025-03-29,1
a1b6a524-77db-45ea-aeaa-2bdfacd5a180,Janet Hansen,70,North Amanda,2024-08-02,1
77114358-b8ab-4fed-9dc2-2f28e1ba0813,David Wilson,52,Watkinsview,2025-05-25,0
318297ae-f677-45b8-bcc5-c0273416fc24,Jay Hall,49,East Charles,2025-08-24,1
d3a363eb-1d08-41b4-8d44-8d1c7723eef6,Douglas Gomez,53,New Sheri,2024-06-28,0
33c09afe-a816-42c4-b66b-1e2ea015687c,Logan Phillips,43,Melissamouth,2024-08-20,0
a70468c5-5db3-4d4f-98e6-bd68a7933460,Madison Sullivan,53,Lake Elizabethton,2024-11-24,0
3d7dc6d8-3bf4-4322-9cf3-8db1c604cbca,Tina Rowland,22,West Michael,2024-05-30,0
f4b3afd5-84bb-4388-9af6-d2e42453982b,Erin Dillon,26,Phillipsside,2023-12-19,1
6499c39b-ccb7-4044-a7c0-c42708b49ee5,Billy Tucker,62,Carrstad,2025-12-04,0
59f101ad-bfe8-4c40-acd1-43bb1871c3c1,Anna Frost,50,West Markburgh,2024-01-17,0
8e14bb6d-34ff-45d1-9b97-476bc9785c93,Kylie Cooper,27,Sloanburgh,2025-04-29,0
ae4a3f3d-9756-4cdc-be40-6809293e2584,Kristina Coleman,36,West Cynthiashire,2025-08-02,0
9c3bf48a-7974-4a93-b8ae-f73e52903b00,Michael Becker,33,Edwardshire,2024-07-14,0
d55b8632-b195-40d9-b7cd-d467ffd36cfd,Sara Herring,23,West Juliaborough,2025-10-12,0
54bd1115-6641-4258-ad9f-45d2e6a5e312,Robert Gardner,38,East Paula,2024-04-20,0
f3f8e4aa-3ee6-4a1b-8337-dd04bf21c5a5,Joseph Foster,34,Brentshire,2025-08-15,0
b4a11811-594d-457d-9ded-b2cedff8eff6,Dana Conner,19,West Davidbury,2025-08-29,0
f9779705-5f13-4d70-8bc8-b89ce78eabd6,Sean Thomas,42,South Crystalside,2024-02-12,1
31068cff-c0c7-4a44-a331-1689bbc7f64f,Kevin Davis,40,Payneberg,2024-04-19,0
6d64081f-54ee-47b0-b5f5-b3207cb7e531,Omar Crawford DVM,62,South Kayla,2025-05-12,0
74416fef-b948-4aac-8795-5cddafc3df8b,Kimberly Herrera,47,New Erica,2024-09-15,0
21a1b586-786e-416d-8ebf-a115a4f6d491,Tony Manning,50,North Jacqueline,2025-08-14,0
b7cb1fb1-d52e-4b56-88cc-c650cb62c00c,Ryan Rios,31,Jaimeland,2025-10-07,0
3698a583-2583-4334-a662-92940085cae8,Melissa Woods,49,Lake Kevinfort,2024-07-14,0
fa04cc24-e421-4c2b-b5af-1bae7cebd7d9,Chloe Pearson,20,Lake Jessicaburgh,2025-10-05,0
bb0633d4-708e-44b1-b7c8-d250560eb809,Dominique Travis,73,South Kevinmouth,2025-01-20,0
9b8a87f7-fa38-4a51-88d1-d45e912f8f04,Erica Oconnor,46,North Glenfort,2025-09-20,0
288a0ae0-9c22-4a77-a281-ed367d64808a,Christopher Roberts,21,Knoxborough,2025-06-09,0
e4f16ad2-68b4-46cc-bdeb-b5b598c0b900,Jennifer Rowe,60,Lindaview,2024-11-22,0
fd0be94c-a5ed-4d0a-98e1-836e74e58684,Becky Reeves,69,New Amandaport,2024-01-01,0
ea1d817f-a927-4c35-b52f-59f7205f1b68,Christy Barnes,45,Diaztown,2025-09-15,0
168cdcaf-8a77-4802-9ec4-f1cf2fb81f66,Michael Wilson,58,South Marcus,2025-10-29,0
f692133b-7ecd-4dd5-ade5-0e1785611d64,Warren Moore,23,Lake Elizabethville,2024-10-18,1
f46a2428-36dd-4dc8-9466-88f5d9d4182d,Eric Edwards,56,Robinsonstad,2025-08-06,0
415c71bc-0503-4d98-90e6-ee39a63b5289,Keith Fernandez,21,Kimberlybury,2025-08-12,1
68cc8c35-d763-42f1-b1dd-ad7f7c8fec54,Susan Wilson,23,Levinehaven,2024-12-11,0
a893c978-19e0-4b69-953b-7e35fdee5f0f,Theresa Hall,44,East Kimberlychester,2024-10-17,0
5fa60bf9-fb08-4067-b798-e985853cfe3c,Ruben King,34,Bellburgh,2023-12-22,0
2289fae8-7e5d-4283-a096-f08e03daa651,Gabriella Melton,58,Danielsmouth,2024-01-27,0
246cd649-47e1-4551-8825-2428291f879e,Monica Becker,29,Alyssachester,2024-04-24,0
119449b0-7b1a-4bc4-98b7-3af5c6716902,Isaiah Mccann,64,Roweberg,2024-10-21,0
a2f78f44-8f0c-42c4-a09d-2fa220966640,Melinda Richardson,18,West Tammymouth,2025-05-18,0
2c6f20bc-1299-4e6b-ac08-8ffad77de21a,Matthew Freeman PhD,46,Jamesville,2025-12-11,0
a0df250a-fb87-42b0-8ef4-65e70af78195,April Hunt,36,Haydenshire,2024-01-27,0
4ef24c61-05da-449a-8b8b-27cf3a2a87a8,Julie Wolf,70,West Jonathan,2024-09-26,0
16e7afae-5187-422d-a088-6e4865647704,Bryan Adams,24,Lake Zachary,2024-12-28,0
9472d6f3-2955-4a3f-8cfb-cfdcb421eac1,Jennifer Knight,43,Susanborough,2024-05-25,0
6f4d54b0-99f1-4e4c-a39c-30bfc3b411b0,Joann Rodriguez,59,Ortegatown,2024-05-25,0
76761940-eada-496a-b555-ccdc0416a486,Diana Gomez,37,Parksbury,2024-07-25,1
83027c78-e02a-4f73-b69c-15b59b9da717,Sean Camacho,46,South Bradley,2025-07-01,0
8acee0f6-8b4a-4180-86c5-d688dc4bc153,Gene Jackson,32,Laurenside,2024-07-04,0
31dd92d2-53df-487d-8365-66e38f5c9ff1,Grace Armstrong,43,North Keithbury,2025-05-16,0
776dc0f3-f191-4c7e-a76c-579d8193fb8c,Elizabeth Hall,67,Bryantfort,2025-02-23,0
7881f319-a825-45ab-add4-e4d064304018,Megan Rodriguez,48,North Dale,2025-04-18,0
8ad328cf-827d-4468-a93b-485d964053ce,Diane Ritter,67,Tiffanyville,2025-09-09,0
ed487c1a-1d48-43ce-9fa5-bc55c0cd7aa2,Ryan Bailey,20,North Richardberg,2024-04-01,0
a82a4369-e263-429f-9f0c-2ce5082c5e6a,Nicholas Moore,72,Amyton,2024-11-03,1
e680b41b-a7d2-4c67-84d4-ce28fabf47e8,Lauren Ho,69,Lake Barbaraberg,2025-03-02,0
11a4b2b9-c3d5-45d5-b8df-81cf4386dae5,Pamela Roberson,44,Port Janiceview,2024-11-11,0
39bb21c4-1d12-4561-bc1e-9ea00317eff7,Julie Byrd,72,Mcgrathhaven,2024-01-10,0
96d29d0a-1673-4dd0-865a-db451eb8057d,Danielle Faulkner,29,South Priscilla,2025-03-21,1
2b06bb94-24c6-473d-b1c4-81071c8e090b,Kathleen Baldwin,28,Parkerfort,2024-10-24,1
fa9564bd-49ca-43f7-91fe-53eef2016c33,Angela Clark,34,Elizabethside,2025-10-15,0
a35d74b1-8f73-4bc1-b78b-a7bdff70c712,Kevin Williams,56,Davidview,2024-12-21,0
a4b5ffb1-f741-4bcc-9ff9-991be850b215,Theresa Murphy,45,Robertoland,2024-11-24,0
da1c6db2-359e-4037-94c4-10e6e4f8c275,Emma Brock,71,Lake Cindyton,2024-02-14,0
75b0ff8e-c13d-4f15-be52-1d9b320433f0,Jacqueline Lopez,31,South Jilltown,2024-12-10,0
3c1b1831-028c-4efc-99bb-84620dec3bc1,Taylor Walls,38,Hardingport,2024-10-25,1
bda3e429-8fb4-40da-abed-f31a52c6dcc9,Alexander Copeland,57,South Jenniferburgh,2025-07-13,1
0de7abec-a139-42ed-a0f6-66386c0327ac,Jeffrey Anderson,54,Lake Daniel,2024-08-11,0
4b44b70a-59d0-4a81-bcee-3f314e3f798e,William Moore,44,Matthewberg,2025-02-22,0
2094820f-dea2-4a22-aa33-88013e0ceda2,Kelli Warner,70,Carpenterton,2025-03-17,0
9fe08f4d-95fd-47f0-bd88-1d2abee7c20c,David Vega,45,Tiffanyborough,2024-03-19,0
16fcaf53-112a-49dc-884b-647861169a11,Austin Torres,64,Lake Rachel,2025-01-25,1
2737a7e0-2951-49d5-a328-293b636bf0b4,Susan White DDS,34,Jenkinsville,2025-10-06,0
897aec43-0b59-4fb0-980b-478af3568cc5,Felicia Burke,56,Jamesborough,2024-10-07,0
f7f5d186-9df7-43d2-a285-ad58c092b9a1,Michele Wilson,60,West John,2024-07-14,0
fc0d7bd9-571b-496e-8424-cc655b6c90c3,Edward Hampton,29,West Pamela,2025-06-23,0
9576f85b-d252-4f61-91ea-211dde1a1695,Christopher Jones,54,Cheryltown,2024-05-14,0
2bb3db27-1586-4f52-b2bf-38489e214ee4,Kelly Franklin,46,New Markfort,2024-02-06,0
f5565315-8498-4517-b6f7-ee7d08846732,Heidi Cruz,63,South Dennis,2025-06-08,0
49b4a02b-6a52-4a08-b201-1218f17181d4,Richard Finley,44,North Stacyhaven,2025-09-30,0
da1530aa-892f-40f0-9944-9f0fbff29d9e,Karen Howard,50,Hallview,2024-05-12,0
15712774-c0c5-4a8b-abaf-a438beef33aa,Margaret Smith,25,Mccartyton,2025-04-23,0
9dc39733-28d1-49af-82c7-eb774f5ff5ef,Laurie Howard,34,Mistymouth,2024-06-20,0
cdf89d3c-927e-46e5-8ef2-583c45b5eb3a,Stephanie Turner,32,West Megan,2025-11-15,0
e9c40bd0-9f28-4947-a57d-bc6842b53687,Robert Robinson,37,Langberg,2024-02-16,0
537f7b41-3873-47e5-9459-facc6015f885,Brian French,54,Victorialand,2024-04-11,0
20602d2f-73ca-4416-80d9-2301c508f996,Roger Deleon,46,Davilaborough,2024-01-12,0
f8d19c97-61c1-4b50-9bac-03326f1a3dd0,Wendy Gallegos,42,New Jody,2025-06-20,1
99a389ee-516c-426c-b47c-db1c62ad76b1,Jessica White,40,New Kylietown,2025-11-17,0
c51777e7-0b21-43fc-ad80-c9e6b2d8d32e,Melinda Ferguson,22,Port Gailport,2025-10-17,0
f18a26c9-e15a-4080-a282-ae9ec41f13d9,Matthew Blackwell,47,Kellystad,2025-03-05,1
b496c612-dc19-4b73-907c-fbbd12f1cf86,Victoria Johnston,59,South Tammiefort,2024-09-27,0
61d3b851-4a9a-4b23-a14b-2e83e5fc0074,Steven Dickson,21,Austinfurt,2024-04-19,0
dd325c97-0d6d-4e62-b5f0-9fe4e7b7f37f,Morgan Rubio,24,Lake Rebeccaville,2025-01-15,0
6ee75cb3-d493-4dd3-8a42-0446060541aa,Timothy Green,43,Lake Gary,2025-08-18,0
0a3788e4-9467-4fd2-b5ba-9abee0314a4d,Marcus Weiss,70,Millerchester,2024-12-14,0
5a80ddd2-eb98-4e11-961c-05a817006d17,Michelle Martin,28,Angelaton,2024-04-14,1
ff6dba24-db92-454d-afbd-d1fc1a3d155f,Mrs. Carolyn Hardy MD,55,Lake Elizabethstad,2024-01-26,0
37169944-be25-435b-a37c-29686c386b0d,Renee Green,54,North Kathryn,2024-05-27,0
11539b45-e6ca-4500-bc2c-4541eb7be5a2,Jeffrey Vazquez,41,Brianland,2024-02-04,0
cc2bf5d1-d802-4660-ac74-a584bbf65549,Kenneth Campos,47,New Andreahaven,2024-12-02,0
e1ca8e5d-f799-4773-8033-f6e965e4f029,Michael Jackson,66,Lake James,2025-05-20,0
72b6db37-f52a-4cd7-8fde-8019203ce30e,Jeffrey Moore,59,Harrisfort,2025-06-19,0
6903930b-b181-4707-ad64-ba7eb1bfd539,Roger Diaz,40,New Chadtown,2024-04-25,0
ec763a34-a38f-4b26-b3f9-47b568bba336,Patricia Wilson,67,Scottbury,2024-02-02,0
57ba52ab-5a1d-47b3-94dd-28f9a4110bfd,Tyler Turner,46,Lake Mariaville,2025-01-04,0
594c7732-2762-4655-9aa7-7de3fbf879c1,Kristine Garcia,44,South Stevenmouth,2024-06-27,0
b8448f09-60fa-4020-b8d7-55d11a254c90,Michael Sharp,26,West Bryan,2024-09-30,0
afecbba3-1750-47df-8c7d-c1d7972b8b2f,Deborah Beltran,20,Rodriguezmouth,2024-01-14,0
a8e9a47b-6c68-47a8-9faf-dc785c09b3c9,Emily Cox,23,Katelynberg,2025-05-29,0
1548e176-bc87-45a4-92cb-674f1cab0db7,Regina Gonzales,52,South Tammyport,2024-04-05,1
bfef401c-3b36-4aeb-a6ba-3ba5fbd7558a,Angela Johnson,51,South Angel,2024-09-01,0
c34fbf54-c181-4138-aee5-b250eefcd653,Roger Butler,63,Lake Anthonymouth,2024-11-09,0
1b585bbe-e1ed-4c67-9f74-c5f89bfe57a9,Kenneth Patton,23,New Sherrifort,2025-05-09,0
6fc53623-b435-40f8-ab49-b1bd7f5c013c,Richard Johnson,23,Matthewport,2024-06-22,1
e912367c-15de-4a6c-a922-7416e36a8d0b,Reginald Wise,68,Williamshaven,2025-02-18,0
c441ba74-8d31-4c0a-8783-78c14f56ac1c,Jennifer Martinez,36,Hughesbury,2024-04-14,0
97e8f48c-d01f-45f5-b4be-0b29b8577be1,Tina Payne,19,New Claytonport,2023-12-15,0
28e56b4b-6551-4568-92bb-6163a6b46433,Heather Collins,62,Markton,2024-03-17,1
67a4935f-fb3e-4585-a429-b3ef2cfe4a44,Danielle Alvarado,32,Lyonsport,2024-08-29,0
c4c3f302-26c1-4e1d-aa0c-af5332dbc521,Jean Wilson,57,Fischertown,2024-03-25,0
332fb791-0f94-4f7f-8b55-b1f2ed99b3aa,Michael Arroyo,58,Owensmouth,2024-01-02,0
63dcd70a-c61d-4c39-ae3a-ac758fe11d5a,Lawrence Hodge,26,Riveraland,2025-02-20,0
75e6b8a7-5bae-4e38-ae36-7cb6d294f260,Marcia Garner,56,New Bianca,2024-12-03,1
ca3bc27c-f336-4096-b31a-408f37dbccfb,Tony Evans,65,Port Samanthastad,2024-11-28,0
f702c572-8e33-4b27-a846-706e848fea1b,Dorothy Collins,48,Lynchport,2024-03-15,0
b71124be-8065-4bb4-b83e-be48a889d017,Joseph Stephens,31,North Kelly,2024-01-29,0
6b3f4a5b-3944-4448-bf47-8bb8c56e3de5,Tammy Murphy,26,Lake Jeffery,2025-08-12,0
78faa383-2ea5-4752-8f52-1a4f5b0ec0a3,Laura Ali,69,North William,2025-07-18,0
67507816-89b3-4114-a9e5-9fbd7d284064,Julie Henry,32,Douglasfurt,2024-10-08,0
c7b9fce4-3fc9-4718-bcca-77546f4065ea,Edward Cruz,43,Christensenfurt,2024-11-08,0
fc9c28c6-ad17-495b-8317-9b6149fa526c,Rachel Hart,46,South Deannashire,2025-11-19,1
9c8b95aa-f4b4-460f-a392-be5f22a37636,Tyler Kelly,47,Hodgesfurt,2025-03-08,1
64bf7593-66d5-4a3c-9216-804e80babb22,Kevin Martinez,33,Port Trevor,2025-03-06,1
0334874a-000c-4070-9e41-0f13f6d87183,Stephen Hamilton,75,Port Stephanieburgh,2025-02-20,0
d6e129da-a5ae-419c-bc05-f18d7b4356db,Tiffany Jackson,50,Port Jennifer,2025-02-01,0
7ba495ea-2445-41ef-8bcb-ae538b494fd3,Ashley Perez,33,Hornefort,2024-11-13,0
9597e88a-fdba-490a-a187-599fa69efc08,Kenneth Waters,27,Jasonport,2025-07-05,0
1240185e-dfd5-41f9-854c-f338f0c8d423,Thomas Moore,57,Kennethside,2024-07-31,1
3d1faf2c-88ed-45cb-bee3-c774a6b74623,Eric Brock,69,Harryport,2024-04-21,0
e0b51814-b4b5-4f97-ba68-d9bfcf7ad38c,Rachael Gonzales,56,Port Russell,2024-04-18,0
42692294-e243-4b72-828d-7c8fc8106626,Ashley Reynolds,56,South Robert,2025-08-26,0
82c88fee-d70f-4dba-93af-e6df5ce4cf69,Duane Walker,67,Lake Aaron,2024-12-14,0
0600473a-75b2-4e60-a730-cfbd7b0dd848,Christopher Gonzalez,72,Wheelerview,2024-01-04,0
1fce2479-2051-4415-969c-8f214e8003cd,Debra Walker,28,Jamesborough,2025-09-11,0
498f6b17-c2a5-4169-b130-73a13ceee8f4,Rodney Torres,65,West Angelashire,2024-11-09,0
bbb272f5-700c-4c57-9700-f09e693ceadf,Angela Lamb,27,Judybury,2025-03-20,0
4688afc6-72d7-49f9-a766-b1c35ee86c91,Joshua Jones,73,Chrisstad,2024-10-18,0
14ed2214-a038-46d7-9ab5-3088a53d69ea,Kathleen Clark,28,Lake Chrisborough,2024-09-16,0
be51eec0-6dd1-4a0e-bb05-2b5ee6ecc386,Tanya Mathews,67,Bakerborough,2024-10-04,0
45923ca5-1265-4fb4-a3f8-01c14af99c05,Sarah Martin,53,Gomezshire,2025-08-29,0
a94e3d7e-7584-4164-95c5-352a4f0646b0,Michael Ramirez,20,East Brandon,2024-05-10,0
eea548a6-6c5e-4a9e-a85d-f46e27e1d4f7,Benjamin Mcdonald,57,Bishopmouth,2024-02-19,0
9c42eb65-0836-4e04-ab0a-67a401fc9d51,Veronica King,33,East Andreabury,2025-12-04,0
630d5daf-975a-4265-9fa9-de302daa8947,Javier Mcguire,51,New Jeffrey,2024-03-28,0
7986eb8a-7c04-43ee-97de-0302df6d146b,Kyle May,53,North David,2025-03-02,0
c24aa51e-c860-4be0-82ab-53efa11ec9b2,Elizabeth Mann,22,Smithmouth,2025-10-18,0
eb11a92f-4669-4381-861f-1d73c9144181,Shane Brown,50,Jacquelinefurt,2025-04-19,1
fe8767df-4fcf-4b35-babf-543b6661cda6,Thomas Morgan,68,West Kathleen,2025-09-03,0
7a9ee046-7708-4a3c-b9b8-96e49725f9a5,James Williams,28,Port David,2025-11-07,0
d79dbefb-185e-4684-bc51-4f67246c6a15,Derek Gonzalez,73,Port Rickytown,2025-09-11,0
ec45c882-f3ab-4d00-af79-00d0e8d85b7c,Jasmine Rubio,70,Ericborough,2024-04-26,0
02d13938-2837-4082-93e4-bfa56f357336,Jerry Sharp,38,Jonesville,2025-07-23,0
fa761b8b-4930-4997-870e-3d7311adba73,David Freeman,68,Port Heather,2025-11-30,0
a5f22be2-e8e6-4f91-a369-2867314410a2,Jesus Briggs Jr.,34,Hansonborough,2024-09-05,1
dfb7455e-3fff-4876-ba81-406739cdbb90,Kathleen Gomez,35,Lake Philipton,2024-05-03,0
5016060a-e46e-4c6e-8e04-4de9ca019ce1,Mary Vaughan,54,New James,2025-09-23,0
a35c313b-31a0-47fe-a8cf-b2f7ca9a6af1,Robert Morgan,28,Amandabury,2024-09-29,0
e8394216-80a8-46c2-9df6-2755ed97910d,Rachel Wells,52,Lawrenceburgh,2025-02-05,0
1557c9c2-6a07-4c93-b70f-d78a97c2163e,Jessica Nicholson,53,Davischester,2024-08-07,0
ac3da6bb-df44-49a1-b34b-fbc2eee18de6,Paula Ross,46,Gonzalezbury,2024-12-21,1
f8d9854f-de08-4cdb-a166-ca06e0077659,Ronald Boone,34,Port Raymond,2024-07-30,0
0d5f6cec-be67-4054-8f00-de36e0362b05,Mark Newman,56,Joshuaside,2024-12-16,0
1628a9c3-d0c9-4061-ba98-47c03784f893,Lisa Allen,28,Port Shawnside,2024-08-02,0
92baa413-ff22-4050-a6c4-9fa2a2732199,Autumn Payne,19,Georgeside,2023-12-26,0
855e1b92-98a2-472f-9d24-71ac93540946,Herbert Oconnell,48,Adkinschester,2025-06-13,0
bea36ecc-1c49-40bb-804b-272b0a2e050c,Erika Rivera,50,Port Nathanielchester,2024-03-30,0
6e10dc64-4ee0-4b00-9210-963d1fd4eda3,Derek Wiley,50,South Douglas,2025-04-16,0
da4fd83b-653a-4e09-8c9d-5768a4ea39f5,Jamie Gould,40,South Shaun,2025-05-03,1
e07968db-6ebc-4895-b5a1-6cf13979dab8,Joseph Sandoval,30,Lake Tammytown,2025-01-19,0
667e8776-8ac5-4a48-95d0-7d682ffe6ac0,Jared Medina,28,East Thomastown,2024-07-06,0
74cd7831-3d62-421f-b85f-09a2b0af84ea,Caleb Davis,28,Floreschester,2025-02-22,0
2452578b-ccae-497e-a5a7-7d04eaf7e167,Amanda Moore,27,Mcdonaldland,2025-08-31,1
f1597c2b-35bc-4b95-a34c-694623f6949b,Sean Zimmerman,55,Kyleburgh,2024-09-03,0
6cd37728-d47d-488e-b85b-b69878f2a00c,Mrs. Sandra Jones,23,Martinezland,2024-12-22,0
d0103e8f-e03b-46ec-a106-a9f82c763383,Eric Mejia,59,Dwayneton,2024-08-22,0
19e1f275-55e1-4774-adc5-8949f06ca22f,Jessica Wilcox,33,Chelseamouth,2025-02-23,1
ee156920-8328-42d7-a994-2d3344d6b74d,Adrian Estrada,62,Clarkfurt,2024-09-29,0
14816246-2171-44cb-b312-1679d3777028,Brian Perez,40,Lake Larry,2024-01-06,0
62b6133f-b138-4344-8e45-8a6805faee9c,Margaret Rivera,66,Raymondberg,2024-08-21,0
3b8c38c2-a2b2-45a1-989c-8820f4ba219a,William Sanders,21,Port Sandra,2024-11-01,0
3688dd1e-20c9-4281-bb50-bd67ac2e8ee7,Jessica Sellers,47,South Amy,2024-08-05,0
c3c660f0-5f2c-4a6a-a188-f151d7045255,Kathy Villarreal,40,South James,2024-10-15,0
48b6b569-56e6-4314-8509-223b5012aa67,Jamie Smith,32,Erikborough,2025-01-04,0
751b3122-ae33-46d1-b553-b969743fccdc,Lisa Wilson,36,Cindyland,2024-06-26,1
fecd83da-6ebf-4891-a0f1-f710d5863c8e,Patrick Murphy,56,Clarkeburgh,2025-11-30,0
ecbeeb63-c343-49be-9d34-261c5d82414a,Dr. Amanda Douglas,74,Romeromouth,2025-06-27,0
119bc429-e65c-43b6-a75a-d13cd9408a16,Debra Kelly,73,Rowlandborough,2024-06-16,0
0072ea9a-3a37-4d6c-9511-339faf78fe48,Robert Miller,40,East Leah,2024-08-23,1
0ce5d3fb-5732-4d14-81cb-ea1d26a88527,John Adams,45,West Jeremy,2025-11-26,0
bf392fb0-fdfb-490d-8515-b97735943945,Stephanie Mora,29,East Matthewfurt,2025-09-29,0
cc7e6eda-4d9f-4536-8c34-1d2f1f73ffc4,Patrick Barrett,73,Debbieland,2024-05-16,0
c2ca75aa-cbb9-49c9-b96e-c942dcf6a318,Maurice Hernandez,64,East Joannamouth,2024-10-13,1
6245641d-3072-4240-ad17-f15b919f11be,James Jennings,24,West Nancy,2025-11-25,0
8cd931e2-0473-4504-90da-9b9fcb56ff59,Corey White,38,Lake Larry,2024-06-22,0
4861002a-1c92-481d-bed3-23129c8bf710,Jasmine Moss,23,Seanview,2024-12-05,1
87ec7133-2f22-4df7-a7a2-dde6ddc3de2b,Christopher Ruiz Jr.,18,Carolineberg,2025-11-09,0
fed5d48f-f3af-4091-b582-e58c99d4196a,Sarah Jimenez,29,New Frankfurt,2025-04-29,0
fd8fbf55-b7e3-4da4-b5dd-55d2bfc1255e,Melissa Hall,69,Williamchester,2025-07-08,0
c0ae6fb8-2348-452c-a867-591b373df743,Mark Gordon,56,Port Katiemouth,2024-12-17,0
1911792d-2c8e-4da2-a57a-6780d864d257,Herbert Jones,63,Kimberlystad,2024-07-24,0
8dc65988-97b6-4150-be09-f1cf5a8fdc69,Robert Dominguez,28,Hardingside,2024-09-26,0
1828aae2-2079-4a76-a48c-110534e806c0,Jason Meyer,38,West Bethany,2024-06-20,0
1e790aa8-22c3-4d75-b11f-8ec217a8e805,Kristen Gutierrez,73,Lake Karen,2025-02-18,0
e81a61c1-8f65-4714-8dc0-709b8a8bac94,Linda Joseph,43,Nelsonbury,2025-06-13,0
38c2ed9d-b09b-4138-9435-4e9e1abebb8b,Jeffery Jennings,63,New Martin,2024-12-13,0
2ba7ce9f-8202-494d-a1dd-0cc7b878397d,John Cardenas,66,Lake Brittany,2024-08-31,0
b659c5aa-c302-4d5e-9214-2d3fb6b33bfb,Sabrina Shaw,68,Port Jasontown,2024-02-12,0
595d9242-4122-4b1d-a915-2f82f769b489,Ray Mcdonald,73,East Abigailfort,2025-03-25,0
81a5e51b-f2d0-4463-90d5-d117717bc03c,Kayla Johnson,23,Conradmouth,2024-08-18,1
f4463ae9-cdeb-44e7-939d-8501561180ad,Matthew Graves,63,Joshualand,2024-09-18,0
166d8007-3b11-43df-8e26-c60e6d7a7caf,Donna Powell,18,East Christinaland,2025-05-09,0
0db9e876-9536-405c-8025-ade7c1e0fba4,Mariah Figueroa,27,West Kyle,2024-05-29,0
9e49c26c-abe5-4598-bb3f-a79bc6d9699d,Victoria Conner,40,Brittanytown,2024-10-14,0
a93533b2-f493-43ec-bbbc-94202f3cf6cd,Sergio Webster,32,Port Tyler,2023-12-30,0
c4ee44f8-754a-465d-acb3-0c1451c428e6,Amy Whitaker,44,Thomasview,2024-06-15,0
0f4a511c-c45b-4e15-b198-2b26ead9c94e,Michael Thompson Jr.,50,Port Elizabeth,2025-04-06,0
cf7d5a5a-edb4-42c9-a9ba-41bfe0d09d54,Alexis Lee,23,North Crystalshire,2025-01-23,0
4208181a-1663-4273-a75f-a9c3e7b09101,Anthony Dennis,27,New Brianna,2024-08-15,1
2c708145-674f-4037-989f-bd85ac34ec84,Shelby Perez,67,Nelsonshire,2024-06-01,0
de9ad08c-4f8a-461c-beaf-0d7a1f25d1a9,Mary Walker,34,West Cassieshire,2024-12-04,0
2674bf56-fe46-4ed8-829b-566d8362618c,William Cox,42,Ashleyside,2025-09-23,0
7c9377f1-d331-44f5-bb22-317a7170b5ca,Nicole Dodson,54,Myersview,2024-01-01,1
9786a2ae-05d2-4fa3-884d-2c9e44cd3e3a,Benjamin Anderson,58,Michelleland,2025-10-17,0
8956e74d-726c-4d56-b98c-b5629b83ae5f,Jackie Stewart,57,Port Aaronshire,2024-12-31,0
2d58d8ce-ae86-4c87-ace2-fc556b27243b,Ashley Berg,52,North Marychester,2025-03-29,1
4a76a8f0-5b28-4ec2-96f7-7f101e66e1cf,Kristy Moran,43,Meltonborough,2024-02-17,0
9dc7514a-8d3e-486c-b8f9-ac6635364c3a,Brandy Adams,55,North Cameron,2024-12-31,0
119d3c1b-c0ac-47b3-984f-3bfde8a3ccab,Michael Gill,35,West Alexaburgh,2024-06-13,0
0896f21f-4421-4a3a-ba6e-e5ad46c3c6a7,Anna Robinson,27,Lake Martin,2025-06-21,0
f7c918c2-9e7b-42d4-ad8c-f30a23ce6bd6,April Christensen DDS,47,Philipfort,2025-04-18,1
7b8fff29-c44e-4ecf-861e-92887126de43,Emily Gomez,36,South Moniquemouth,2024-11-07,0
1ebb3bd3-16a5-471c-9046-12f7a0992bde,John Gibson,73,East Lauren,2024-07-04,0
32428d3a-da07-4ca0-9387-b7545a91bf4b,Andrew Cooper,24,South Felicialand,2025-02-07,0
cf97699e-8a93-4543-a13c-d92b32725ea9,Joel Myers,64,Lake Eduardohaven,2024-01-30,0
249f46d9-d8f9-4c36-95a3-2695c3cab25c,Carol Warren,75,Ashleyfort,2025-01-18,1
b7213026-1caa-4c47-b60c-f0b2a128e0b8,William Burton,18,South Caitlynburgh,2025-06-08,1
ec717c44-1d75-4eb2-8568-cfa7a1bef63f,Alicia Gibbs,65,Gabriellashire,2024-04-09,1
1af5f51b-5e34-4d70-b14c-f4a5345f8740,Suzanne Mccoy,51,East Stephanie,2025-10-23,1
3c491f85-0779-4a39-8276-89b9248314f8,Jessica Allen,28,North Samanthaborough,2024-08-19,0
122a52a5-9db6-422e-8e17-6d5d4647e268,Ian Harris,60,Lake Jennifermouth,2024-12-06,1
94d382d3-af9e-4b8a-ab50-371eb2aa8d86,Nicholas Richardson,24,Port Christopher,2024-12-13,0
821fbd21-48ed-408e-a511-77edd995ea04,Kelly Johnson,45,Elliottfurt,2025-03-05,0
9ca8f571-c9f2-4ae5-830c-5a373adbd39e,Phillip Contreras,70,North Darius,2025-07-24,0
bce604c0-3415-42da-9ac8-9cc77e118e9e,Mark Cole,66,Sydneymouth,2025-04-29,0
b3bb92a2-351f-4903-ade0-0f968c3562a7,Nicholas Watkins,48,Robertland,2024-02-17,1
df96d6fb-e2e6-4cde-87d8-50eecb7136c6,Amanda Wood MD,45,Port Todd,2024-08-02,0
a3084552-e376-48b2-aa78-5e426c40aaf8,Antonio Carrillo,28,New Leslie,2024-05-25,0
8e405c43-acb4-4071-974d-240804f8f020,Philip Williams,68,Tiffanystad,2025-06-11,1
0083bb5d-b9c1-4579-8038-9a0f8d1a7e67,Wanda Vargas,35,North Jeffery,2025-05-12,0
ef57a87d-2f74-4f0d-a1e0-acc628f1db9c,Joshua Moore,33,Shannonton,2024-04-27,0
22765b73-640b-4b05-b2a2-73218d6d5367,Tara Smith,69,Garyhaven,2023-12-14,0
38e48096-e922-43cb-811c-f3aae19c6ec8,Courtney Harris,42,Alexisview,2025-01-26,1
eb05c29e-27a2-4ec0-915d-0462b2254bf7,Richard Freeman,27,Port Laura,2025-05-17,0
989a2fd6-e7de-4eaf-9395-ada4c81a4209,Bianca Hill,49,New Roymouth,2025-01-02,0
b16c5748-cc5c-4dd2-a9e0-3df2cdf94863,Tammy Griffin,26,Reedview,2024-02-13,0
3cae5462-d43e-4fb8-b0ce-ac5113136a4f,Daniel Austin,48,Stephenport,2025-04-11,0
f981769e-ba38-418f-8409-bca5035f9336,Cheryl Anderson,55,New Steven,2024-09-27,0
b439016c-e8c1-40bb-aba2-6761efe0f0a0,Beth Blevins,53,South Bryan,2024-05-20,1
4b12429c-a328-4784-bb87-7839ce7e6f3b,Timothy Guzman,28,Micheleview,2025-12-10,1
5981b188-27d6-47a2-97ec-2baf28f43654,Andrew Williams,60,Youngbury,2024-10-23,0
4b61a0a0-fd17-4e00-80b3-0c0c6923a033,Leonard Rivera,29,Peggyburgh,2024-06-22,0
2196d630-555a-41d8-93d2-a16d5aa6eacf,Cheyenne Brown,70,North Paul,2024-06-28,0
0e597c0d-e899-44c4-a7f9-94507fe50a4a,Kenneth Dominguez,45,Port Patrickview,2024-08-08,0
6740907f-630b-4c3a-bdcc-e05b3c478a5d,Christopher Wilson,64,East Tammychester,2024-02-25,0
6329e005-f5a9-4ce3-8a45-56e39611bdb2,Christina Morales,55,Wyattport,2025-08-03,0
f57bfd72-0ee9-4f64-b8f1-238a56869e7b,Andrew Bullock,56,South Lindaville,2025-09-06,0
97abcefa-36dd-4768-8065-7fd3159cd167,Kathryn Harrington,22,Jonesberg,2024-09-16,0
c7a5de94-8fcf-44e5-8989-231f13191b19,Gary Ramirez,24,Lake Nicholaschester,2025-07-06,0
c119f019-79b0-4400-aa35-b1407ec34d21,Cheryl Reyes,62,Hickmanland,2025-05-29,1
70525232-dc9e-4cb2-a6ed-a369121cd797,Hayley Mendez,27,Port Michaelfurt,2024-12-09,0
85d5e2d4-10db-4aa4-ae6f-8327839b0351,Stacy Turner,74,Thomaston,2025-06-21,0
848cff0a-67b2-48b9-b0d7-eacafbbec907,Randy Graves,18,West Cathyport,2025-02-25,0
0220c6bd-8f58-4bca-a466-96f77f534cb1,Emily Robinson,46,Cynthiaburgh,2025-04-02,0
7e3aed10-d924-4391-9a63-03584733928c,David Robinson,26,Morrisonshire,2024-12-18,0
b15c5782-6621-4a47-aada-9a41fa87574e,Ashley Sanchez,54,East Tammyton,2025-02-09,0
d381d55b-715b-45d3-8951-8cf41a04ee39,Daniel Anderson,75,New Coreyburgh,2025-07-22,0
1c812466-500e-4233-9e87-52ba96bc3129,Jessica Wells,44,Davidmouth,2025-02-07,0
d7232bfe-79ef-48aa-bf85-ba094f0c1290,Rebecca Robertson,31,West Ericaview,2025-11-30,1
47f6bcbc-bdba-4e96-9484-d6085d29f574,Amanda Parker,59,Freemanberg,2024-11-26,1
22a0623b-ba18-4f71-b312-e514c8e6f83e,Samuel Fuentes,22,Lake Mario,2024-07-04,0
cc247fbc-79b0-4653-9629-c521ecc078fe,Johnny Hamilton,70,South Sarahhaven,2025-07-13,0
30bef509-4f6d-421e-ac8d-aaced0db1472,Anthony Castillo,47,North Charlesburgh,2025-10-25,0
806a33b4-3833-497f-ada8-c28031ca53e3,Chad Shaw,40,Nelsonland,2025-10-31,1
540885f9-415c-4dcc-8446-ca29c6ec3434,Kelly Hanson,45,New Elaine,2024-07-04,0
44d0ae2b-1443-494c-94bb-656cd7aee1e6,Michelle Branch,18,Lake Michaelchester,2024-01-06,0
5ac7cdca-1c05-400c-aae0-2a873e6ba547,Linda Lewis,23,South Peterville,2025-11-16,0
fe7ec442-3935-4d51-95b3-b4dedcb49906,Megan Adams,37,Debbiefort,2025-05-11,0
ed264feb-5d10-4699-827d-b7aa8f494544,Janet Fry,69,South Gregg,2024-06-01,0
ca3f75c2-bff6-43f0-863b-e3a48605b650,Adam Shields,30,North Pamville,2025-04-13,0
f57bae0c-5f61-4a57-b3f1-351a57cbc589,Jennifer Kelly,26,Michellefurt,2025-05-23,0
5ccd76fe-8514-4905-a6e0-e75d7f0c2624,Shirley Johnson,43,West Matthewfurt,2024-06-10,0
4429a7ae-6fd6-4498-9308-ddc08c5009b5,Jessica Leonard,42,West Ronaldland,2025-01-26,0
181df0d6-e4c5-45ba-8e3c-f825e834a2a7,Steven Ellis,66,West Coreychester,2024-03-02,0
7a357af5-7026-477f-a5a7-42dcc0710cd6,Linda Pham,26,Turnerton,2025-01-22,0
26b9ccf1-37bc-4038-a4a6-2e5eb238976a,Scott Johnson,57,North Sandra,2024-11-28,0
952e25e1-a6f8-4c21-8791-7656adbe6346,David Frye,52,Yolandaside,2025-06-18,1
0bdc8c13-9bb1-457b-9ab2-fcef0ee254b4,Shelby Montgomery,50,North Joseph,2024-01-28,0
f00f1ab1-c63b-43ba-8b96-3831398049b8,Karen Lopez,45,Lake Amyshire,2024-04-25,0
cbaa1b31-47ba-45e8-a230-01a4ee602d0a,Tammy Randall,54,Klinetown,2024-08-07,0
3ceb8c88-c16e-404c-8610-18a143624511,Robert Kennedy,21,South Geneton,2025-10-02,0
244869b7-af91-4ea6-9a8a-aade1a16d457,Thomas Lee,29,Denisefurt,2024-09-09,0
16c56b92-c9ad-44b1-8632-b138b462b7ed,Whitney Brooks,34,Wellsfort,2025-05-22,0
3b81baec-5f51-4cdf-9039-80cd36cbc955,Rachel Brown,45,Andersonfort,2025-03-03,0
1c409441-1cc5-4ed3-baf9-4496909800ca,Amanda Weaver,27,Pricechester,2024-02-06,0
475f56df-2b28-4a65-89fb-49edcf596670,Jason Kline,53,East Robinville,2025-04-29,0
fd3a3a3a-a030-4605-8d11-24a5d668e464,Richard Green,61,North Jasonshire,2025-04-19,1
563d5ac9-7608-4901-9447-3b01a3d2a49f,John Hester,31,Rodgerstown,2024-10-07,1
12147ed5-8dc4-4ebc-a7b4-50fab649526c,Denise Hall,23,West Teresa,2024-03-08,0
f5134d98-6634-4a42-9001-1ba76015e00c,Kaitlyn Jimenez,35,South Stephanie,2025-01-14,0
46164e29-0257-47ed-9e7d-b6163d1671fc,Chad Martin,25,Stokesport,2025-02-03,0
d2bdc182-251d-43df-b92e-4fbbc572165c,Richard Gilbert,20,Michellemouth,2025-11-27,0
22f4c1aa-22e1-4b86-a79a-6fc1fdb9fe00,Vanessa Alvarez,48,Codyville,2024-09-15,0
2b3d70c8-0593-45ee-b7f9-d844bfec7bab,Charles Rodriguez,34,Port Melissa,2025-07-15,0
319ec8af-e6bd-4c66-b968-bd515ad5ef92,Daniel Strickland,58,Baxterton,2025-09-30,1
06310966-7e74-4f40-b9ee-b21e43c8a758,Aaron Marks,69,New Kyle,2025-01-21,0
b19f1e5c-317f-431d-9e29-157aa73dcfd4,Ian Salas,63,Hillside,2024-02-10,0
20f3b6c7-9a44-4d59-bb2c-e85f95d36e03,Abigail David,60,Jerryton,2025-06-05,0
dfd850b7-8bb2-4591-a07e-9b3fe1b4f89a,Christopher Garcia,48,South Lisaview,2024-08-12,0
63d88cf2-4484-475c-a9e8-6dcaaec2348e,Colleen Fisher,21,Kennethview,2024-05-07,0
1fef301d-2cd0-42f3-ae8d-ad4552d64d70,Michael Scott,46,New Bryce,2025-03-01,0
3f65fd38-44ea-4764-bb39-197f48a9b08c,Anthony Lowe,75,North David,2025-07-23,0
f13f3449-3a30-4a72-ba0f-a31eeff50aa8,Eddie Roberts,69,West Amybury,2025-08-20,0
a2dfc0c5-6050-4be1-b942-7d026c7d6dbd,Kiara Reyes,69,Charlesbury,2025-11-17,0
2a3e65a2-0825-4da8-90cd-66c44d5272e5,Zachary Payne,50,Albertport,2025-08-17,0
e05dbfa5-0224-4673-8def-1a3532065142,Lisa Harper,23,Robertsfurt,2023-12-14,0
fffc8c0f-0b2b-4630-8436-26372fc51463,Michelle Flores,42,Port Kaitlynview,2025-09-11,1
8b6b595c-c51b-4493-9662-1cb9c4265e8c,Hannah Anthony,55,Perezville,2025-05-29,0
93306b47-d119-4def-95dc-d7e4aa8d8608,John Murphy,38,Lake Chadbury,2024-04-15,0
c25c05d0-df25-4114-9b49-9c2d413224a1,Jordan Allen,18,Brendaburgh,2024-01-04,0
bfc004f7-ac7d-4b17-8aca-a4ba631e27d5,Benjamin Hall,28,Lambchester,2024-07-12,0
8474dfac-daf3-4476-add9-8977132cf97b,Jake Willis,40,South Anthonyville,2025-09-03,0
7ccc8b9e-7f37-4731-9dfa-3409f1a12ab2,Deborah Davis,74,East Kevin,2024-07-25,1
98805aef-83ba-4b57-b414-85fe3782e096,Angela Short,50,Robertmouth,2025-04-29,0
22901dd5-65c1-4bab-93cb-582447bcedc9,Kelsey Andrade,29,Stevenville,2025-08-20,0
79ca6015-b15f-474a-88b9-d19690d4ffce,Stephen Dickson,59,Ayerston,2025-05-06,1
4c72252f-1eb7-41f0-9a3f-d020e04786bd,Samantha Martinez,36,East Miguelville,2025-05-21,0
e5f14d9d-8b56-4997-abcc-6d3d89b93535,Lindsay Robles,30,New Joseph,2025-11-23,0
6ac1af7f-28a6-4ebe-92df-d88b5c9850b8,Ryan Costa,32,Lake Nathanstad,2024-07-05,0
7e60db4b-4107-468a-a076-3cd45ca95997,Kelly Nguyen,22,Lake Saratown,2025-09-23,0
84b5127c-0e8b-4639-bd41-b882eaed371c,Kenneth Owens,21,Nicholsonbury,2024-03-26,1
208fc11f-fae6-469b-8cdc-8de0892295ad,Michael Scott,70,New Brandon,2024-04-29,0
2656d04d-324a-402c-8b3b-6dcde9d2ed17,Emily Baldwin,63,Greenfurt,2024-08-08,0
62543829-ee52-402c-abbb-89dfa22affee,Paul Smith,45,Trevorland,2025-10-08,0
0c2419c6-ee14-447b-aa28-c97bd8a2124f,Erik Brown,24,Nelsonfort,2025-01-30,0
80675fd5-c204-4878-8782-f511b98cd800,Jeffrey Rivera,59,Jennifermouth,2025-01-29,0
68704f3f-1f7b-40cd-987a-307414c7b898,Jeffery Williams,56,Tinatown,2024-04-03,0
58d21003-8387-4071-9922-965471b7faf9,Helen Hebert,23,Port Chelseaton,2025-06-02,0
a568729b-89d8-45bc-92b1-293d68b8f323,Patrick White,51,West James,2024-06-20,0
50c1c664-f369-4081-a2cd-2353b3b39bc5,Charles Morris,35,Alvarezfurt,2025-09-15,0
a22507b9-3518-4669-bdfc-b88b846e769b,Anthony Tucker,30,Port Michaelton,2024-08-14,1
48c89859-104a-431d-938e-a35f9c9297b3,Deborah Bradford,51,Kellyshire,2025-02-12,0
aca78458-96d2-4aef-b92f-d87e4b87fef0,Anthony Thompson,38,South Peter,2025-07-04,0
1962ff80-2386-4dce-86a3-1d4f46768d48,Edgar White,46,Valenzuelamouth,2025-09-25,0
e7cabb9b-4fc5-43d4-8172-d03bd5741ca8,Stanley Allen,34,New Kristen,2025-09-07,1
c78ac9a3-0485-4535-88dc-19e3bcb0fc0c,Michele Moses,50,Bensonberg,2025-06-26,0
8a4497b2-9f30-4c05-a58d-594844a61e3c,Jeffrey Moore,24,Markport,2025-06-05,0
cceb9d4d-f792-484b-9fb1-187f63e07201,Matthew Hernandez,73,North Zachary,2025-03-02,0
1cd1b53d-71df-4109-beb2-e16c806f8f89,Lynn Murphy,57,Powellton,2025-06-12,0
f7619c80-e495-41d0-a26d-ffcb3846f28b,Mark Fuentes,63,Tabithaburgh,2025-08-01,1
7b6adb7d-61c1-4cc6-b70f-a6d98fd9a38a,Devin Williamson,74,Port Sara,2024-02-15,0
f0bebf61-35ab-4b69-af8c-7f7d7884df6d,Brandon Aguilar,26,Thomasshire,2025-07-24,1
5f2ea5d2-559c-4ba9-90c8-afc93a984665,Brandon Johnson,48,Smithton,2024-08-22,0
6d054b2d-132f-4c79-b39a-f8e0b3532cb1,Wendy Lambert,44,East Williamton,2025-02-08,0
9a662761-ad87-4a03-b31b-3d55685d8023,Heather Wilson,69,West Anthony,2024-04-28,1
0ccd67d8-2f4c-4a6f-bb47-f1fbbcea4db5,Matthew Preston,23,Jacobshire,2023-12-31,0
da731a4b-6218-4b66-8535-465db32aaa7b,Michael Wilson,37,Lake Marcus,2025-07-03,1
285025c1-2532-4d7a-bbf1-bfa7f752a9c8,Jonathan Lee,42,Adkinsborough,2024-01-22,0
6f68a41a-0df0-4a72-8c6c-c7f5c2784399,Jon Cross,44,Cannonbury,2024-01-29,1
2c1c8a18-d2f2-4a38-aa80-82ea662a048b,Joseph Knapp,63,East Keith,2025-08-15,0
2a8e95b3-9448-4b67-80c3-67d7c62fd53e,Renee Johnson,20,Craigshire,2024-01-03,0
29c326de-a456-44ee-83d4-d74aa7a8f41c,James Brown,27,East Michelle,2025-10-15,0
2d0311d2-9014-4eaf-9c69-d4de410de09e,Pamela Fields,33,Pamelamouth,2024-11-26,0
5b56321d-4bf8-44f1-a62c-0ff37e7ed90a,Daniel Jones,19,Brockton,2024-01-26,0
c3e021c6-7472-4c11-b8a8-d4adb8bb54f4,Roger Perry,20,New Peter,2024-01-10,0
a137a439-2838-4bc8-ab3f-a5a4d7166544,Lisa Pena,69,West Stevenborough,2025-04-08,0
f1019484-4a3b-45eb-b40b-adfd21fe8f99,Calvin Nash,59,North Racheltown,2025-11-17,0
4e4be025-52b5-48f8-afc4-c4ad689183fb,Sharon Foster,38,North Alanton,2024-04-09,0
0aba189a-50c7-4e9c-b544-7ce443177bee,Mary Simmons,44,Port Kristinabury,2025-02-12,0
e3d50fd9-a4eb-4bef-875c-af07334ed753,Courtney Galloway,18,Rodriguezburgh,2024-07-27,0
b2315b10-85e9-47ae-87c0-6c2fa42c9ecf,Janice Anderson,23,Gwendolynbury,2024-08-07,1
2a42cce5-9fbf-4b12-91ed-e315addb2c59,Colleen Arellano,31,New Zacharyport,2025-05-18,0
20433017-1a45-4f7e-bd6a-57dd02b3f027,Mr. Corey Flowers,23,Bryanbury,2024-01-20,0
fa81d489-20c9-419e-9206-2a9955374512,Jason Schmidt,43,Watkinsfurt,2024-11-28,0
efbc5359-3465-4976-9db1-4d9b6b9febf7,Jeffrey Scott,28,Allisonburgh,2024-05-13,0
d5269156-91a9-4798-8563-6c6c815c8929,Aaron Harmon,34,East Wanda,2024-11-04,0
52fb02a9-dfc2-471d-82f5-f284d504eced,Karen Meyers,20,North Christopher,2025-04-04,0
2ae1a3e6-d2ae-4a9e-8cb5-39ad5e8672be,Juan Rogers,75,West Larry,2025-06-09,0
c6082522-9040-4fc4-894f-ad346815c511,Joseph Shelton,24,Williammouth,2024-04-18,1
9cc0e78f-e79b-4732-901c-881366df74ad,Kathryn Snow,64,Cantrellmouth,2024-06-07,0
ecf2fbcf-3085-4a35-b8dd-33f21742ebcb,Ryan Garcia,43,Port Nicolasside,2024-11-09,0
01754458-3b4d-47a9-8e20-6374d79552f1,Julie Adams,71,Sanchezberg,2025-04-11,1
365617cf-027e-4ca7-8fc0-a90cbc97f7ff,Yvette Weeks,18,Bishopbury,2025-07-09,0
a774afc3-f17c-42df-ab5e-8118f3375915,Justin Griffith,59,South Jasonmouth,2025-10-06,0
69297b9a-ba1f-42a4-a7e6-af72bb092d9e,Renee Welch,64,Port Melanie,2025-04-27,0
90a7b2bb-bc37-4206-b540-238162d92e70,Kathleen Kim,30,Lake Jackmouth,2024-05-30,1
3524e56e-54d4-4813-9fe4-99c3cabf0d24,Sarah Perez,21,Wilsonhaven,2024-11-02,0
860dc371-100a-4bf5-b2a9-b30f578ec57a,Matthew Long,42,Kathleenton,2025-07-05,0
7ecad34b-611b-4098-a29a-e3eeabbf12af,Brenda Webb,69,Whitneybury,2025-09-18,0
e852ccea-2ce8-4cdb-adc2-0eb13d605cf2,Patrick Meadows,44,Andrewberg,2025-05-16,1
11944e3c-8943-4c5e-9da0-8f78ca86fd29,Julie Garcia,49,Lake Stephanieside,2024-02-17,0
2951f580-f89a-426b-aed7-b25c3052b2a6,Zachary Neal,59,West Janetville,2025-07-13,0
1ebb4e52-484d-4d94-83d6-80507e4fde4e,Dennis Zamora,24,Crawfordfurt,2024-09-11,0
fe61e543-4b68-45a7-b181-5b13811baae1,Veronica Ellis,66,South Lawrence,2024-05-29,0
9d2a23a3-429e-44a6-b1fd-813698ce6e76,Andrew Warren,50,North Mary,2024-06-29,0
0a73e324-6571-45fe-a748-af5ea743278e,David Chapman,57,Hughesport,2025-01-04,0
98b9fa0d-d654-4043-91c5-bcc5559f9e2f,Tyler Burns,61,South Amychester,2024-07-27,1
849f9d11-4128-4ab4-893e-a164597a006e,Robert Coleman,35,Lake Valerie,2024-11-30,1
e8bdffdc-dfe2-4935-8e92-c9d02eaa788d,Olivia Miller,54,Whiteville,2025-02-19,0
a0c26a8d-8065-4b34-abc6-fcca61c9c14c,Joshua Clark,33,Bettymouth,2025-07-21,0
003057d3-4f43-4005-8cad-91f72934802e,Marie Conrad,18,South Diane,2025-10-05,0
b9578da2-8968-457b-aef3-9f01ba1b13f4,Brandon Smith,41,North Kimberlyside,2024-05-20,0
545771ef-f6f4-49bf-8764-9c2a6edb2d8c,Timothy Miller,48,Marctown,2025-08-02,0
667c0994-0b47-4c06-b71a-57a7bbb9ab59,Crystal Green,36,Debrafort,2024-08-25,0
84cfe5ec-bded-4d1d-b68e-5a3e1f60c53c,Richard Garcia,39,Sarahstad,2025-08-10,0
4b5b1854-6f7f-4d86-95bc-ad46ee8d858e,Dr. Carrie Green,69,New Jeffreystad,2024-12-22,0
6d0f69b8-8721-4405-b139-111bcd801a91,Gina Fleming,64,New Tannershire,2024-01-09,1
ba330a01-1626-435d-8970-aca141467da5,Nathaniel Adams,71,West Henry,2024-12-24,0
dfed7a08-f454-4c5d-802b-12f0ce6e9d5d,Carol Bailey,47,South Robertaburgh,2024-11-03,0
4466e8d5-5f42-48b4-87b5-866c27dbf6c8,Joseph Price,72,South Russellport,2024-10-11,1
15a3e310-c1ce-4301-b698-5dfc141b51f1,Isaac Williams,29,Beckerland,2024-08-09,0
c67fe7f5-32cc-48c6-9783-71dba7a3d31a,Kristie Nash,37,Ramirezland,2024-02-21,0
37216c61-5e86-411f-9bb8-9526359bc69b,Jonathan Knapp,41,North Anne,2025-07-31,0
c117f63d-e761-43ae-a963-6b7b7e8144b4,Jamie Sutton,61,South Robertview,2023-12-25,0
af1e0a41-17cd-469b-b83d-f963c454ff3b,Angela Fry,56,Toddmouth,2025-11-08,0
76db6033-8d0a-4204-9a26-dbb955c50ef6,Kerry Powers,27,North Racheltown,2025-08-07,0
9dd93d48-ddc2-409c-81e7-71482593afa1,Erin Watson,26,New Sheila,2025-07-05,0
41e4ce78-dc8a-4f63-a9d8-aa86576f4178,Terry Alvarez,61,Jessicahaven,2025-04-23,0
bc41f9bd-a0fd-4f52-97c3-59212f6d0c45,Adriana Ramos,60,Valeriefurt,2025-10-11,1
a8212f6e-045a-477a-945f-72fda582717f,Shannon Hoover,50,Davidtown,2024-11-12,0
3952504f-9aed-486d-a9b3-cba178ae01b1,Jeremy Sanchez,72,Bennettton,2024-08-17,0
df6a7b89-93f8-4ca6-b8d6-987d6bd5b24d,Grant Fletcher,28,Middletonport,2025-06-08,1
c02f6776-7917-40a6-bcf4-aa59d6382db9,Courtney Mitchell,54,Port Duane,2024-04-30,0
901fb5f3-ee5e-460c-9dd2-b7c6d7357fcc,Patricia Baker,54,Jasonhaven,2025-10-09,0
6517378a-39ac-46d1-a4b9-d4836cc483a4,James Davis,30,Lucasmouth,2024-08-21,0
4ab7a643-12d4-4f5f-88a5-099049ff472d,Suzanne Walton,34,South Tonya,2025-11-02,0
07d0f089-2279-43a4-836c-65cdfb1a70a4,Matthew Holloway,19,Albertbury,2025-11-29,0
ab2c2eb7-21bb-4b80-b8c1-a6a7ce114016,Latoya Whitaker,61,East Nancytown,2025-12-01,0
1a61c09b-8232-4b5c-a842-7f2720951b9d,Samantha Sullivan,51,North Brettton,2024-11-11,1
fb28650b-3cca-46d1-97f9-c40024c9b771,Lisa Ross,31,Gravesview,2025-01-16,0
5b521798-1009-48d7-b47d-c202071e2a6d,Steven Scott,29,East Denise,2025-07-14,0
3a80e886-99a7-4e50-ac01-0a0e37b47b46,Terri Reese,57,Adrianbury,2024-04-06,1
a025b05b-afa1-43af-9943-c1b975cb56c0,Joshua Johnson,51,North Joseph,2024-06-13,0
e2e01de3-74d4-4ac3-9aa3-4c7e184077aa,Robert Robertson,39,Thorntonberg,2024-01-21,0
ac4b3b9d-5617-48b2-aecf-5e8b7c61b041,Robert Davis,54,Brownburgh,2025-06-03,0
8918dc6c-19ae-42cd-9f30-ddca3d2913d5,Gregory Braun,44,North Jessica,2025-03-28,0
0e2258fb-fbe5-4c91-887c-709809256182,Matthew Boone,26,West Iantown,2024-01-31,1
0d591038-aa08-4147-b0cd-5249a9075ee0,Patricia Carroll,42,Laurabury,2024-05-07,0
7ffa87fd-7a0a-4828-b7a0-464ae9f781ec,James Cole,41,Terryview,2024-05-27,0
5bd39b2f-f427-4983-b692-9a40b31713b4,Ebony Booth,27,East Christopherside,2024-10-08,1
c28c7adb-2a10-4f86-92eb-139301d4fb0b,Ashley White,23,Rodneyville,2024-07-24,0
14d1eb62-1ceb-40b4-86b1-6ec60448e978,John Walker,63,East Aprilborough,2025-03-17,0
0565ee3f-b47d-44fc-8623-dbefa4a74db4,Joseph Williams,49,Thomasfurt,2025-08-27,0
a520a8c9-c6ca-46b7-99ad-af15ffa465ef,Timothy Brown,26,Lake Erik,2025-03-14,0
9fa6d216-7f0a-4588-a1bf-bcf5bcee60f6,Carol Fowler,50,Coxmouth,2024-05-03,1
4a4d3fce-a8e0-4316-9240-1e7960d58e02,Jacob Todd,65,Port Brittanyside,2024-06-13,1
67ae9100-339e-48eb-a66d-5a925c0a0b1b,Corey Thompson,40,Roberthaven,2024-10-06,0
4f5ee7d6-0a4c-4ff6-bf69-7322ec41abad,Rodney Hall,73,Henryborough,2025-04-21,0
cb797667-c411-40d5-a2d6-6716b2ca1c02,Michelle Scott,50,New Nicholas,2024-10-18,0
5428ecac-2fa6-4bda-8e85-8ca40943cb52,Lisa Greer,62,South Lindatown,2025-08-03,0
35702126-e76e-4880-8ead-1139c0c773d3,John Cox,54,Lorettaburgh,2024-03-06,0
6936b254-3014-4ba3-bbd4-ebcb70dd0cbd,Richard Robertson,32,East Gary,2025-11-25,0
a23a5cd0-fa9c-4e40-9206-62b28c5ae965,Gina Davis,28,Coxberg,2025-11-19,0
e05c6d04-68a7-48ec-a917-1a2d24c8aaf3,Willie Mcmillan,44,North Kevinshire,2024-10-28,0
cffb78dc-a56c-40a7-81e5-84bf9e65adec,Robert Wagner,60,Gibsonville,2025-06-24,0
6b24a599-c700-49e4-bc54-eeac5b00c19f,Bianca King,61,North Gary,2025-09-28,0
29c4ed20-5386-41f9-8728-fd4b3569969f,James Fox,65,Thomasberg,2024-02-17,0
42fa2a62-8328-4e75-8679-ba6489bad6ac,Stephanie Houston,34,Lake Jenniferchester,2025-08-17,0
1956a833-9ccb-4790-9425-6d7efde08fb9,Kyle Owen,22,Ariashaven,2025-10-28,1
5bdd4215-c0d5-4aa0-a9d4-2c30ee18c3ef,Charles Mills,75,Jonesfort,2025-08-07,0
ae8b00b6-c869-463b-9891-ba205b454a7e,Heather Shields,31,Ericland,2025-04-16,0
2dd61d1e-67ad-4c90-8c78-1843ae874042,Christopher Young,73,North Anthonymouth,2025-09-15,1
68403edd-73a8-4145-b0d7-f352eafc4785,Kevin Brown,18,New Jesseberg,2025-10-22,0
e3f81051-4963-41c5-b9f7-036d944dc25f,Vicki Cervantes,62,Port Cynthia,2023-12-19,0
b9bf2b95-9a88-413d-98a5-e0016303f5aa,Ronald Soto,70,Lake Jeffrey,2025-11-27,0
3477c865-307f-4d2d-ac24-b20a9e1142b5,Kevin Farrell,51,New Robertfurt,2025-06-22,0
859e5951-1a62-457b-9c0a-373feb87f26b,Margaret Cooper,56,Brownport,2025-09-19,0
8535bee9-dbb2-405e-9270-197751f3994a,Joel Griffin,41,Cookville,2024-04-18,1
d532a9be-631b-4e0c-9960-d3f6220a388b,Corey Barnett,49,Lake Anitaborough,2025-12-09,0
164c400f-a3ce-4833-8833-41ad123ce675,Ricky Miller,19,South Dawn,2024-02-08,0
bf8eaddb-c10f-4007-a899-24d12c3792d9,Yolanda Maxwell,40,Ramirezfurt,2024-04-27,0
b9f15a5f-db3a-4b1f-81c0-5e561ba2efe9,Michael Hardin,72,Lake Joeton,2024-04-16,0
65fbec0e-7826-4879-b758-c1dc3923a09c,William Moore,59,Watsonstad,2025-06-23,1
b918e93b-cd11-407c-a986-a33f52d59315,James Edwards,29,Crossborough,2024-08-03,1
bf567a05-f3cf-4da4-a1d3-4011c343c55e,Natalie Fitzpatrick,50,Lake Aliciashire,2025-01-18,0
f38e3e79-336f-4d01-998f-9b0554198be8,Aaron Lewis,61,Vanessaberg,2025-11-10,0
cd6e67a8-5595-4809-a9f2-db43a7dbb267,Lisa Stephens,73,Cindystad,2025-04-25,0
03dfc4cf-c879-4ff0-b7cb-09b3ae0995b0,Benjamin Diaz,61,Davisville,2024-03-28,0
46db89dc-a27b-403c-9c0b-15336359d5fa,Thomas Colon,19,Tinaside,2025-11-29,0
4aa9e703-b857-4bf8-9053-630c5ac515ea,John Odom,47,Kellybury,2024-01-28,0
7e957cdb-5ce0-40c2-9417-762c94308bcb,Melissa Atkinson,62,Hooperbury,2024-07-10,1
616a9cce-5d13-451c-bcec-8c135d58051b,Nicole Pearson,66,Ronaldfurt,2024-03-28,0
b6c694f5-9503-4710-bcde-788050d2a32d,Danielle Smith,43,Masseyside,2024-11-16,0
bce7e9d7-77ca-4398-b341-976209373932,Rebecca Murray,19,Christopherview,2025-09-16,1
3080c6c1-7e69-464a-ba0e-c29816177ef1,Michelle Norris,60,Stanleyland,2024-04-07,0
9cf4556b-a20f-4dd5-b27b-3cefef138470,Deborah Johnson,70,Samanthaborough,2025-05-13,1
160ca96b-12f0-4f02-ab40-8629d77668de,Gerald Mccullough,26,Hodgeberg,2024-03-15,0
57bd4ee8-c876-4e3d-b7c6-1fc759ad61f7,Holly Shelton DVM,25,East Henryborough,2024-10-13,0
0616aa99-3379-4561-9434-a15cbd3ec68f,Robert Scott,63,Lake Toniview,2025-07-22,0
2ef7a97d-2fa6-4983-89e0-b14c9b40b067,Joseph Hall,20,Reynoldshaven,2024-09-16,0
6da51477-c442-404e-8fcc-02aca387de89,Nancy Rios,44,East Angel,2024-12-14,1
b6ca1e91-15c4-4171-bec3-bcf01ba317d0,Jeanette Shea,74,Lisatown,2025-07-21,0
416b9479-ca38-426c-9d41-ad44e229f067,Kelsey Eaton,68,Evansborough,2025-03-03,0
f7be8f97-eb31-4bdf-ac19-e8671027ef48,Henry Flores,68,Brandonborough,2024-08-23,0
1b3adf8f-88ff-4ed2-9889-54b29028835b,Mr. Robert Hutchinson,19,Gonzalestown,2025-10-29,0
bfd64087-6f87-462e-a247-f35d237f57f3,Mr. James Oconnor,27,South Christianside,2025-01-05,0
f1ba8d96-2c75-47c6-aefa-37663cc5c885,Brianna Kirby,47,North Joemouth,2025-04-13,1
e7c65034-db08-4a3e-8494-b1b23e870e82,Helen Gonzalez,67,Parkberg,2025-07-09,0
24bbe5fc-c817-44f1-9654-f7b4dc6cd19c,James Fowler,42,Juanport,2024-03-10,0
e9893537-ff41-49f6-a09d-b61b4dc71290,Kirsten Lopez,20,North Robert,2024-09-26,0
a6359ddb-2945-4790-b5ae-df0a73d0c763,Eddie Larson,46,South Justinbury,2024-01-28,0
76974690-238c-493e-826a-227a516aaff5,Thomas Estrada,74,New Joelside,2024-07-07,0
dd98df00-d486-4f0a-b172-3fae120b27dc,Jason Gentry,34,Lake Michele,2024-01-15,0
1c0acbf1-db66-4f76-aa6e-094109ead373,Susan Chung,50,East Gregory,2025-03-23,0
0abfeb6a-6a83-4b8b-89ea-d4cbb0cc7387,Andrew Sawyer,53,West Monica,2025-01-08,0
dea5150d-8f90-4cc2-bf49-3bd081cfd81a,April Boyer,32,Lake Juliemouth,2025-08-24,0
fac35878-602b-41d3-a8ec-0d4df1b4dfee,Yvonne Rodriguez,74,Foleyville,2025-08-27,0
0f18a4ac-a520-4ffa-af1f-c6ab22ef7a32,Jill Peterson,28,Port Tylerburgh,2024-01-28,1
f6c58bb1-4785-4e61-a49a-1925c523e52c,Kyle Schwartz,59,Tinafort,2025-10-23,1
74c3aecd-9a9c-41b0-aabc-9407c7907360,Seth Mooney,23,Travismouth,2024-01-12,0
eb34ff66-66ca-4c67-8057-2fd5b400cfdf,Denise Murphy,73,Andrewmouth,2025-05-28,0
48db3f9b-91db-4155-afc6-c12248b1a685,Bobby Flynn,53,East Kevinberg,2024-05-01,0
a98106cc-f2fc-4f38-8877-dc017ba18ae8,Heather Fox,36,Lake Stevenberg,2025-03-18,1
168e7da2-6b3b-4586-9e19-0981f544f049,Bryan Williams,31,Walkerton,2025-12-11,0
41dbcdf9-1693-482b-9e63-d61207945fc3,Jason Henry,61,South Corey,2024-07-09,0
dcfe7ed7-b89f-4c8a-8379-47f56c5c15f8,Richard Joseph,41,Autumnberg,2024-12-26,0
eb1c0b46-97fe-44f0-bfaa-f00073becd1f,Kevin Wilson,25,East Amy,2024-07-17,0
5ece668c-62cb-4222-9e1b-79bbcadba2e4,Robert Cox,18,Lake Gregoryville,2025-09-25,1
cf4da00c-3c51-4fa6-9822-c35d3f4021d0,Ethan Vaughan,35,West Jonathanmouth,2025-07-17,0
2622d80b-7027-4a56-acc7-f347addd98ba,Joshua Bernard,49,Smithhaven,2025-04-19,0
74208320-10d8-4380-bc72-a6cde29e8d41,Molly Braun,72,North James,2025-09-22,0
31f863e7-99e0-439f-957c-836ef1ea171a,Peter Burton,72,Lauraside,2025-02-09,0
7ad6dbe3-67d8-425c-9fd9-d36de02075c6,John Wood,72,Cookport,2025-04-10,0
817db961-8330-4d9b-bc2b-b88dd21eb8a3,Mr. Richard Curry MD,32,North Jill,2025-03-13,0
3c3702bf-8979-4065-a2a9-56eaf291919c,Kristin Pitts,62,East Matthewfurt,2024-03-30,1
5d111709-ab73-4a8e-8c09-beedab2b1cf5,David Norman,20,Port Ryan,2024-01-16,0
e4097e5f-3bc5-4ea1-9b22-be7d055bb138,Courtney Martinez,24,Williamsfurt,2024-01-23,1
32f03799-eb2d-4964-8da7-b0b19cb68d5b,Amy Sanchez,52,West Williamberg,2025-08-12,0
8b566bb1-761e-4cf2-9cef-8a4081b90ca2,William Lara,45,Kellyton,2025-08-22,0
52061904-efc4-45a3-be92-3b4e4692c00d,Traci Huang MD,52,Port Virginiahaven,2025-07-01,0
58e9ee69-b316-4733-8611-e70aa6b98250,Erin Medina,21,Tonyaberg,2025-02-11,1
1529247b-c674-45b2-a288-80abb690a052,Austin Moran,42,Thompsonland,2024-02-17,0
13d98873-7670-451d-a966-0875f87e5aa6,Tristan Cooper,21,Lake John,2024-02-09,0
8d5aac69-bf7e-46ed-8ad6-79052c2b9679,Jonathan Warren,71,Parkerbury,2024-05-16,0
26d9c04c-2f42-4b69-8c1d-fec4c7cf3dff,Paul Jackson,32,Vanessahaven,2025-01-13,1
d5a3a728-7a1f-4afa-8c12-44bda6f091f2,Ryan Knight,65,Williefurt,2025-03-06,0
cf152089-67ab-4a1f-867a-495561b1de78,Alexander Alvarez,66,Michaelburgh,2024-06-15,1
39197145-a650-4331-8751-5c8eb4b0d013,Mr. Darren Ward,28,Nicoletown,2025-01-17,0
d31cf087-71a7-4dd6-a5d0-ce321800c685,Chad Arellano,33,North Emily,2025-03-10,0
6840b9ed-d635-4640-a6f6-226b27fc9de4,Lori Wright,37,West Tiffanyport,2025-08-13,0
68d2f939-2f48-4269-b6e8-c9d80f07d1c6,Joanna Underwood,49,Port Joseph,2024-10-20,0
07d10a50-7263-4ade-abc1-d0fc8ca51759,John Hodge,49,West Amanda,2024-01-05,1
52fe358f-44c8-4624-b68e-ff8777b0ad6e,Angela Chavez,67,New Elizabeth,2024-05-03,1
95576afd-6e20-46ef-b205-51777870a1ee,Christopher Carey,68,Lake Vincentstad,2024-01-29,0
244094be-c0ca-4423-8189-82a204375431,Patrick Garcia,18,South Tracibury,2024-03-18,0
607a9180-1062-4d03-b1f6-2359bb58f579,Peter Clements,34,Mirandaton,2024-10-23,0
0f93e63b-0f0a-47a0-9d05-0760e4afbb09,Crystal Blackburn,60,Joshuaborough,2024-01-05,0
645a2ef1-c7c9-421a-b9a2-d9a23bc7e8c0,Rebecca Brown,52,Lake Joeside,2025-01-15,0
ae8ba16c-f65d-4a1b-8d27-5b51329d58d7,Chad Hurley,45,South Tonyfort,2024-04-27,0
961bc174-315f-4367-a2e9-c10d57e8132c,Patricia Kelly,27,West Chadborough,2024-04-03,0
667763c6-f7f0-46c6-8dc5-4da2631a230d,Jillian Barry,55,Vazquezfort,2024-11-18,0
7c4bf98b-194a-44d2-8a6e-e5dc0934f110,Wesley Carr,41,Dawntown,2025-07-10,0
70ed2e6e-f193-46ee-a787-8b8b2cec19b3,Ariel Daniel,43,Lake Alexander,2024-11-25,0
ffdbc238-847f-439b-8de4-3bb4a934d6ba,Christine Rubio,20,Curryhaven,2024-06-08,0
8543cad8-f2a6-4b10-9579-baf1caae4271,Dr. Katelyn Delacruz,72,Millerhaven,2024-05-18,0
e975c849-9085-4443-9aa5-50fed2a03e97,Erika Garcia,18,Williamfurt,2025-09-28,0
0973196d-938b-4d96-bada-2ac7bd56d5aa,Danielle Wong,51,South Deborahbury,2024-09-13,0
fa53de31-3b8f-447b-8630-f270cb46db4d,Ricky Hines,47,South Angela,2024-01-29,1
6a8a5901-2edc-400a-b9de-b876f83895d2,Mrs. Brenda Carey,54,East Wendy,2024-04-03,0
e12bc33b-2ab7-4439-918f-30203e21a0e1,Andrew Pierce,19,Edwardsstad,2025-09-26,0
2a4cfc1c-90e4-4c60-ab6d-c19865b72048,Danielle Faulkner,18,North Javierland,2025-05-04,0
802af2dd-44e1-4253-ba5f-14760305cf47,Donna Hurley,29,Rogersside,2025-04-07,0
ebb0ce3f-c025-4909-8484-78dd3176b251,Albert Malone,33,New Stacieport,2023-12-25,0
e8687088-adc6-4048-a006-c2fa14b0fde5,Kristina Martinez,42,Meyerfort,2025-02-02,1
20b3d5be-e734-4d20-a8ea-826e2dd5f55b,Scott Reynolds,19,Lake Deniseton,2024-07-07,0
ed411b44-c5f3-4cc2-b4a8-fe904557b494,Dwayne Flores,74,Whiteheadfort,2024-04-17,0
530b0362-63d7-4f0e-80d5-9b0f3a7b55dc,Chris Long,61,South Susan,2025-10-06,1
b0cd2e41-52de-4f58-b4bc-cc817668cc23,Mary King,33,Evelynfurt,2025-03-18,0
604044f3-eecf-4b86-9816-1d8d61869038,Bobby Leonard,34,Frederickside,2024-09-02,0
9f06e341-e7e8-4d12-8535-3ecc6dfc7298,Tiffany White,70,Courtneyburgh,2025-02-25,0
33c5f090-dcf0-48e7-9dfa-36c407ccc035,Robert Rowe,62,West Rhondaborough,2025-09-02,0
ecc915a0-0ffa-4e82-b0c9-c652ce1f2c05,Kelly Reid,38,South Antonio,2024-06-10,1
8bf3f3b7-8c9b-400b-9b8e-56f17ce24a01,Taylor Nguyen,26,West Deanna,2024-07-03,0
d6c81a3a-c5dd-4568-9d70-e16f0c00b24a,Kaitlyn Duncan,56,Joannaberg,2025-06-26,0
1f7a3947-279d-4e38-b548-e19fa4dd2dcb,Anthony Mcmillan,59,North Jeffrey,2024-12-17,0
789548a7-5d70-421d-b0d6-459c32fff786,Ruben Lopez,24,West Pamela,2025-10-01,0
69389165-fb19-49b5-9bda-515cc167bd56,Ray Escobar,66,Laurenmouth,2025-04-09,0
033612ea-1f20-4d0a-97b2-fd2c26bb1163,Christina Martin,33,New Paula,2023-12-18,0
d53e2d82-9d16-4070-ba47-2748437882f7,Kendra Waller,42,South Nina,2024-04-26,0
9194605d-85e6-4ad0-9291-6ac0137f0233,James Estrada,51,Petersonport,2024-12-12,1
0281ddd7-e03e-481b-9133-bd6e1e9522e2,Benjamin Lee,70,Deannashire,2025-07-02,0
423cdf34-f3ef-4ebb-8e74-88ee63e02e3b,Catherine Jones,53,New Gregoryshire,2024-06-15,0
8081750f-73d8-4c95-b4da-c63fc2091fd7,Christopher Martin,67,North Joshuaport,2025-02-22,0
c501eab1-724d-4227-b498-262101a20b8e,Kerry Dawson,40,North Charlesshire,2023-12-20,0
b6d31ccd-3e33-4d2d-ac82-9f252b79445e,Joseph Reed,64,East Maryshire,2025-11-19,0
07f866a0-2b2d-4e49-96c3-28178569f18a,Robert Lindsey,47,Williamstown,2024-04-01,0
2e847f2a-d773-4379-a5d9-75822a829eda,Gwendolyn Elliott,48,Wilkersonhaven,2025-04-01,1
f8e02316-e61a-4993-b715-0b614d7cd04b,Virginia Wang,71,Maryland,2024-08-19,1
a3ab7e94-800d-4a49-8c82-3a723eccb59f,Charles Preston,41,Port Billymouth,2024-10-01,0
80a04322-53a0-4471-be32-6e5236076946,Timothy Anderson,72,New Daisyhaven,2024-11-11,0
04fa8e08-648e-4be2-a9b7-2304f1779118,Ronald Carr,37,Fitzgeraldfurt,2025-02-12,0
4f62a353-a969-44f8-aa17-50e0bde4533a,Jaime Thomas,66,Mccarthystad,2024-06-29,1
7570c7aa-2f7e-4b55-871d-8f11974ee77e,Rodney Logan,54,Michaelfurt,2025-01-03,0
0b973e1b-1f11-4c41-a335-88ddf44374f1,Emily Chambers,28,Lake William,2025-07-01,0
e9122ae0-ef02-4bb5-81e8-e18d8ba4807c,Daniel Williams,20,North Diana,2025-08-14,0
4ad1811c-1191-41aa-92f0-36e041350876,Rachel Casey,46,South Jared,2025-10-16,1
d28c7781-f388-4cc1-8c41-3abf2288e1e2,Patricia Perez,44,Owenstown,2025-02-27,1
07a2f8d7-aa4b-47fc-a9f8-76e343c50517,Chelsea Fletcher,60,Brownmouth,2025-02-16,0
89b50645-eb97-4a06-bea5-80dedc934138,Shane Sanchez,26,Lauratown,2024-06-16,1
adf00d3d-8fd8-4f81-ac2a-3dd4f278f236,Michael Christensen,64,New Colleenfort,2023-12-14,0
d97615d2-8ad6-4966-be57-83cddd4d52b8,Elizabeth Robertson,64,Lake Curtis,2025-01-22,1
b18e914f-3428-4031-a720-3d8154b65b48,Collin Williams,67,New Amberbury,2025-07-04,0
8e77b6fd-8118-4891-9fb2-42576fddb535,Angela Sherman,75,New Eileenborough,2025-12-11,0
7c5cde11-4262-469a-accb-74ff454f9c6e,Linda Avila,55,Aaronton,2024-06-01,0
514b0485-30af-4bfb-a465-46d2cbe83976,Kim Henry,26,Stewartfurt,2025-04-18,0
f4594088-3216-4caa-8bc2-7076f8de73db,Howard Sharp,26,New Maryview,2025-08-27,0
9b73a168-24e2-4c8b-8762-f737003ec0d2,Duane Dennis,43,Lake James,2024-09-23,1
a2f71b2c-9922-4aeb-b14f-d08787262bed,Matthew Brooks,42,Port Jodi,2025-04-19,0
d35f82fe-b50f-4252-ae95-c2399dacc2e9,Michael Gonzalez,64,Martinezview,2024-11-28,1
7b91a5eb-cba7-474d-b272-ae74853c4a0d,David Moore,24,East David,2024-10-16,0
89935a75-14fc-4e5c-89ec-9fd13efe2c9b,Tony Hicks,49,East Lindsey,2024-07-29,1
56c87f61-88a8-4e08-b344-28c3caae51fa,Shannon Adams,50,Gregoryfurt,2024-02-28,0
c5c64601-88a5-491b-b47f-6ec72f3656ee,Amy Riley,18,Fostermouth,2025-05-01,0
fed52a05-d1cc-468d-a741-20cb93d1e9bd,Seth Norris,24,Johnville,2024-12-31,1
5d24f6e0-9ff9-4616-8523-25004757a9ec,William Ortiz,38,South Jill,2025-05-10,0
dcbe5ef0-396f-43c8-8e37-c86ab6592cfb,Bradley Maynard,47,East Debra,2024-01-24,1
e3e0752d-9b6b-41b6-ae02-16cd676f2d41,Craig Hayes,48,West Brianland,2025-12-01,0
b6bbb11b-3730-457a-aff3-622962747be0,Ryan Fowler,46,Lake Tomberg,2025-01-31,1
a35cff43-6296-417f-851f-559958543380,Shawn Rice,75,Lake Timothy,2024-08-30,1
fec7d485-8741-4a1c-aa24-befd7f49adea,Kara Gonzalez,73,Port Jenniferville,2025-04-10,0
993f0220-51eb-443d-9075-a7433a17cd1f,Susan Arnold,30,Benjaminmouth,2025-09-06,0
f5d469dd-0936-44ea-a40f-02efbcfbf265,Keith Fisher,26,Port Michael,2024-02-27,0
cc7e639c-b154-4b63-899b-49ab15d50902,Brian Long,40,Johnsonshire,2024-11-30,0
0fb1b58b-a6f2-4dbf-9dab-c6315459312b,Katherine Davis,66,Lake Markland,2024-10-10,1
dba10bf8-b2d7-413b-adc6-d4e84b6a49b7,Sandy Morgan,74,Brenttown,2025-02-02,0
89e55ad7-90f0-40c8-b9d7-5d50604c7504,Jacqueline Walker,22,Emmaberg,2024-11-01,1
8ee2337e-356b-499e-9ce7-4cd5a3c89b71,Katelyn Howard,63,Wilsonville,2024-09-15,0
8bb3afee-4d52-4eab-8b3d-e84a756ed006,Veronica Taylor,56,Ryanport,2023-12-14,0
7a767502-3bdf-4836-bb8b-870621c8ed5b,Lucas Best,48,Bradleyburgh,2025-11-17,0
0ef8a406-3ac1-445c-bbea-88e79a824309,Michael Davis,25,Johnsport,2025-08-09,0
27d6d8fb-ce0c-4860-90a0-69b78d19ae30,Douglas Robertson,37,Garyton,2025-04-25,0
d5eb6604-a01a-4a28-a4a5-d6117d12db06,Susan Fuentes,48,South Sheenaville,2024-12-14,0
46894b75-0481-4cf8-93e7-757a3c6bf058,Stephanie Eaton,63,Lake Jenniferbury,2025-08-20,0
be6fa48d-dbaa-48d2-80de-61df54b36091,Amy Smith,46,Jennashire,2025-12-04,1
8e73d726-b5db-4efa-980f-9c2c0063112a,Ryan Velasquez,30,Petersmouth,2024-02-20,1
8553466c-33a3-4cf4-b75f-009ae815756a,Natasha Levy,36,South Courtney,2024-05-16,1
0d57f2ad-2d95-455b-95c8-2465b9bbd4f2,Steven Griffin,31,East Travisside,2024-04-16,0
a2355842-594c-4a4e-9f10-1344fea8332a,Jordan Cole,58,Martinezfort,2024-03-14,0
0c8c6f5d-bcb0-4061-b5d1-75c574f82086,Daniel Cooper,71,West Scott,2024-02-10,1
5a603d69-6544-413f-9ebd-10938dea7bae,Scott Lewis,31,Robinsonton,2024-09-18,0
f7717980-d769-4308-a2ca-da3f1d318bd5,David Guerra,35,Alexanderview,2024-07-01,0
3bddf595-1e8b-4641-91da-83a060405de2,James Ryan,42,West Monique,2024-12-12,0
8d2a989d-a277-470f-85a4-239e3611aa27,Walter Hamilton,54,North Barry,2024-02-16,0
21a99556-5a64-4ce3-aa8b-8102bc732a27,Nicholas Gill,40,Lake Arthur,2025-01-25,0
e6600c3a-d2f1-4ef6-b454-deb2c9169ad2,Thomas Macias,38,Andreaport,2024-03-14,0
13eed037-d524-4db0-8446-4c3ef26774ed,Cheryl Phillips,69,South Cathytown,2025-08-07,0
0e165b53-71e6-42e0-8413-7c931dcf7adf,Shannon Jones,59,Lanefort,2024-09-23,0
61501f88-b694-4266-a33a-7fade74966cc,Jesus Baxter,29,West Bernard,2025-06-17,0
ace3aea4-d5cc-4369-a14f-2aa23ba351d6,Alexis Brown,18,Stephaniemouth,2025-03-05,0
9edddd9c-a21d-4504-bb52-903bc17bbe3a,Rachel Adams,27,West Brendanstad,2025-09-10,0
1e2dedb6-2165-4c75-a86f-3b112471aa61,Vanessa Davis,70,West Brendastad,2025-01-22,1
57160e5d-05fb-40fe-99b2-2c6e55df2c7d,Deborah Sellers,43,South Frankstad,2024-04-04,1
70dbdc52-9026-4652-b47b-598ec35709ae,Joseph Adams,42,East James,2024-05-25,0
8b9cc693-5b5a-4698-bd2b-bf8db97c312e,Amanda Adams,68,New Mackenzie,2024-11-20,0
7b45147f-bfef-4054-a801-69f8c9afba27,Juan Velez,51,Barnesstad,2025-03-12,0
1ef8262e-5cf2-4af5-a278-ca1ce7eacb4b,Michael Parks,43,Bushland,2025-08-09,0
00cf35a2-5696-4740-a32d-b11d90638192,Kelly Mcmahon,71,Jorgeport,2025-09-23,1
5be30159-c5cd-42a5-9771-9f04b1986e03,Brian Morgan,36,Torresport,2024-09-25,1
01eb9cfc-2850-462d-b061-22d09d745878,Zachary Castaneda,72,West Kelly,2024-10-03,0
3dfcdc0a-0c3a-4315-a770-e61d6a18d704,Anne Lee,35,Sextonside,2025-04-07,0
9d5ef54e-976d-4592-8ecb-cafbb2cbfa6f,Christopher Weber,52,New Charles,2025-06-15,0
cdc086d1-088c-4d7d-80cf-82cc3708d82e,Brett Rodriguez,47,Kimberlytown,2024-10-18,0
b2cc9600-5d4f-4a9a-b1b8-07b769e1c483,Richard Mercado,71,West Danielle,2025-11-24,0
7db35c23-eaf5-47b3-81c4-d1477e9ff1f1,Caleb Simpson,37,Parkstad,2024-04-21,0
5a8dd03d-69a9-4ced-9686-7ea6673318b3,William Woods,63,Russellbury,2025-10-06,0
64a57200-9ef8-4110-b86c-4bd282c5082f,Mitchell Garza,70,Jenniferside,2025-02-10,1
9deba990-d058-44af-af15-72759d38cf38,Katherine Roberts,40,Foxfort,2025-08-05,1
adcc9323-71de-4ae2-8a36-0d6d51cf092d,Robin Hayden,62,Catherinechester,2025-08-09,0
9fe9e16e-9508-4c18-a42e-33aba7012baf,Robin Lowery,24,West Rachelhaven,2024-01-06,0
94c510d2-a4c8-4aa3-9e5b-c5e37adbd1ab,Mark Johnson,23,New Jonathanhaven,2025-01-29,0
7a3bda12-a3c3-4fef-b60f-d0abdbb349b2,David Miller,44,Jacquelineberg,2024-07-14,0
e30c3f0f-2d04-4998-bfe4-98d87fcb50ac,Stacey Ramos,58,Johnsonville,2025-06-20,0
8b6e23af-527c-4abd-adf3-3d6e81b702c0,Brenda Duncan,53,New Michelle,2024-07-26,0
62651cc8-0dd1-41f0-9828-063e7aa62ed6,Jessica Fitzgerald,51,Ortizville,2024-05-05,1
952a55b2-3a3b-4e3a-9d0d-d63731727dfa,Jessica Wilson,46,Leborough,2024-04-26,0
67c181f1-e819-490a-b655-d5ac38e95a4d,Heidi White,36,West Marissa,2024-12-29,0
279308e0-3947-4961-8d83-11776f416617,Kirsten Evans,53,North Briannaside,2024-05-02,0
6338a66f-a80c-41dd-a9c2-709a5b350991,Kristy Martinez,69,North Wayne,2024-05-03,0
d89c50a2-0562-4a26-a1af-e7004d6176ec,Angela Orozco,62,Port Bryantown,2025-06-05,1
9aef638d-8fd6-48b8-a003-262d0acc72c4,Shannon Bass,27,Port Lauren,2025-08-28,1
47e3b8cc-bb33-45f9-98db-0948088c7fdd,Kristi Torres,48,New Nicholas,2025-03-07,1
662646dc-6be2-4475-8acb-00e4eb06df63,James Cox DDS,41,Kevinfurt,2024-10-31,0
8ec85043-d4ea-45f9-a6bd-c3fdd2e2d3e3,Evelyn Franklin,33,Johnberg,2024-06-27,1
5b881888-c69f-4582-8e78-036ed4ebca3e,Dana Dillon,74,Laurenburgh,2024-10-20,1
f3c3461e-768f-4963-9341-055b931599f1,Susan Scott,66,North Raymond,2024-03-19,0
e8dc2068-1422-495d-a013-30532c5409fd,Andrea Austin,60,Franklinview,2024-02-15,0
56106e9f-d261-4043-8f49-736d380d62f8,Christopher Peterson,43,East Leviville,2025-07-25,0
02d2fb8f-7538-4923-9fe7-5319f0242929,Melissa Gordon,25,Ibarrashire,2025-06-13,1
3bebf99b-85a4-4a53-a637-0197b78e9f87,Patricia Santos,57,Heatherhaven,2024-09-06,0
8882674b-87f7-49de-bc4f-9f1e0dbcf98e,Darlene Aguilar,28,Powellton,2025-03-20,0
05a68051-cade-4dae-a424-e71a3e5ab87c,Julie King,25,Brittneyborough,2025-04-21,0
b338b816-c75b-4477-8bc8-83e00cb5a891,Teresa Shields,32,South Javierville,2024-01-14,1
077e0c09-9bbb-4285-8845-17a13f69309f,Sharon Lee,34,West Alejandroland,2025-03-30,0
cc15fd5b-f57e-4f18-be2b-f1057ed6a701,Brandon Clark,64,Richardside,2024-11-04,0
afe7a5ac-92ca-4083-8599-5394bec1c922,Mr. Christian Moss,55,West Feliciamouth,2024-09-11,0
c3d53c0c-9bb8-4283-961c-2d8594394ba2,Anthony Sawyer,65,Odonnellmouth,2024-05-15,0
b9186bcf-a302-4ae2-9d03-31a1ef9166ee,Kenneth Macdonald,59,Port Tyler,2025-01-26,0
83665c47-1b4a-4f71-8f0f-e43a10fd5f36,Crystal Hogan,50,Williamsonmouth,2025-05-28,0
7b4be729-b616-4624-a9ee-d88e2f421646,Keith Reyes,54,South Brian,2024-01-04,0
36ef3783-438a-40c0-a5cc-a56d5f450dba,Robert Hoffman,21,West Becky,2025-04-07,0
0f022eff-aa25-4fcd-b96d-aef2c92d11e2,Cheyenne Alexander,39,Lake Samantha,2024-05-09,0
8e159983-44e4-4ed0-8571-a9a84e9ed7e0,Douglas Chambers,58,Jessicaland,2024-03-21,0
828e2948-8423-414a-98f2-69568f3c3fe5,Jonathan Robinson,72,Marshallberg,2024-08-04,0
e23caa45-ebd0-4e7e-9f0f-253b0b8f2ecd,Tammy Castro,35,North April,2024-05-30,0
3e5987cb-a969-48fa-96c6-c768cb3f631c,Jonathan Coffey,56,Port Davidport,2025-05-12,1
0ef925ac-4a29-4c98-8fa0-f1d29cf04254,Edward Mcdaniel,61,Melissafort,2024-05-23,0
443f8190-b12e-459d-bca6-91229d7c4f9d,Jeffrey Butler,47,Port Abigail,2024-05-28,1
57c0eff1-e06d-41a1-9782-817d35c1be51,Meredith Patel,67,Schneiderchester,2025-08-13,0
24084686-c2f0-4ada-9f93-82c3d1aee8dd,James Miller,18,Port Carlosburgh,2025-03-26,0
6457bd59-508c-47f6-81dd-f5a5fcd45644,Katie Hess,24,Kevintown,2025-02-10,0
13d93040-9f3e-47cd-9268-b60254055bd0,Gabriel Morgan,58,Wilsonshire,2024-03-17,0
50366c7f-7a08-4fec-ad9a-7b5ae17bf76b,Pamela Stewart,27,New Melanie,2024-07-23,0
a1ba5d45-1a37-468b-99be-08abb3e407b7,Shawn Allen,35,Lake Casey,2024-09-15,0
97b8d99d-98c7-4908-80b2-ea6f39c777cd,Carrie Chaney,33,North Terri,2024-12-20,1
6e8f0fed-3ad9-45d0-99f9-5accbe4a38a7,Juan Kim,36,East Karen,2024-06-25,1
85a1ddbc-a431-4d57-9850-02100cd25218,Colleen Thompson,57,West Matthewshire,2025-09-27,0
fbd3e314-0af5-4a06-9cfe-056b4f64d911,Veronica Cordova,71,Marytown,2025-09-24,0
b738b99c-562a-43b4-b248-3600cabbdabe,Tracy Poole,26,Waltershire,2024-10-04,0
3083c587-ebd3-4247-93a3-75ac22a9de1a,Tony Salas,55,New Jacquelinetown,2024-02-29,0
578c6797-5da8-448e-a936-532ab52084ba,Brent Cowan,45,New Arianaton,2024-01-09,0
383cd1df-0729-4243-a676-6e888453e052,Steven Frazier,61,Port Crystal,2024-05-09,0
835ffa4e-5ff3-488d-861a-3888e8d6eb1b,Daniel Conrad,63,Lake Davidfort,2025-11-06,1
51a04b27-58e3-4c5e-9404-0b3dc996b320,Rachel Douglas,66,Lake Sandra,2024-03-14,1
c1c8d4f5-423f-4426-afe7-f704304ff0b4,Kyle Berry,44,Lake Kyleview,2024-08-28,0
3f4b5a0c-ea88-4d24-9520-d206c3a6a01f,Sarah Anthony,61,North Annfurt,2024-07-04,0
983ed5f8-9f73-4ee5-9a13-9d901e4c8071,Jonathan Carey,69,Karenburgh,2025-09-25,0
13716e39-76d7-485d-a7d8-a1d1c971d610,Corey Holt,43,Port Brandon,2025-03-22,0
6b1cae82-afea-4182-90f7-5cb724732fea,April Hartman,18,Stevensside,2025-12-01,0
69353a4f-4f38-4b92-87b6-2c672278e13d,Mackenzie Houston,27,South Laurieview,2025-02-14,0
587ecfe3-e424-4dff-bef3-114d624c8ebb,Kimberly Lang,30,Brittanyton,2024-07-17,0
8e85c13e-2a39-49ee-98a5-fc98bf1ebd15,Jessica Jenkins,20,Peggyshire,2025-08-13,0
78778d6b-31c6-436e-8a0f-2ce7f1baf814,Angela Blair,18,Port Dawn,2025-04-28,1
3b28d332-3524-4683-90cb-baba7b499873,James Mcclain,60,Kellibury,2025-09-17,0
3d871dca-992f-411c-978b-14ab95f1bdd4,William Gonzalez,57,Port Jeannemouth,2024-01-25,0
cc1a6f3e-f448-471a-a4e9-0ea56868b292,Andrew Patterson,63,Harringtonshire,2024-01-30,1
bd7265d7-218a-4b61-a47b-d26f09d9632c,Tony Davis,68,Washingtonhaven,2024-04-18,1
d3a35379-ff42-4c06-897b-6bc0ac944a8c,Eric Mata,61,Hollyton,2025-02-25,1
6bdac1b9-2dac-4c7d-bc29-e9b34a3b5d87,John King,40,Butlerburgh,2024-06-20,0
6f4a45d2-6df8-40f7-b851-9a4c74b12b5b,Johnny Bailey,29,Port Don,2025-08-07,0
aa892efb-1912-4088-a522-4ac3e42369f4,Tom Jones,46,North Angelabury,2024-03-23,0
f27ab27c-fa24-4878-b1b3-ce89c0622e60,Allison Chavez,49,West Sarahhaven,2024-03-21,0
fdb89280-cd21-47be-839d-2c3ee90bc5d6,Elizabeth Torres,68,Robertview,2025-01-16,0
93d9ffdc-1f15-4c58-9de4-ab106c8a4817,Michael Martin,31,Port Emmahaven,2025-03-11,0
6790fd58-9316-4141-9c4a-5eb3ba08d440,Jeff Welch,60,South Ericburgh,2024-11-26,1
65052fe3-dd07-4de9-bea6-c54477a49924,Nicholas Hill,35,Taylortown,2024-09-23,0
21323be9-1406-405c-a272-cac785bd3c2f,Andrew Lee,71,Lake Melissa,2024-09-25,1
1a83fee6-942d-4a38-ae42-1555824cad89,Brittany Coleman,63,Ianbury,2025-07-02,1
ba48a248-3786-4be6-8108-254d28eabb67,Bradley Patterson,65,New Brettton,2025-09-09,0
38b1d754-cc3d-4de1-a670-efc49b4cef7e,Joseph Smith,34,Alexanderton,2025-11-01,0
b9397884-92ee-474a-a7da-e5697473788b,Tasha Copeland,67,Richardfurt,2025-07-14,0
209207c7-f623-45ad-a354-2cca21969f90,Patrick Anderson,40,New Warrenmouth,2025-09-17,0
c35f48a7-ffb4-4e22-a8cc-431149415a59,Robert Oconnell,72,Port Jesus,2025-08-22,0
7cfddfd0-2408-4d9c-a4da-1e359455680c,George Forbes,66,West Leslie,2024-08-23,0
6e810253-51c0-4060-9217-07f5d1bebb8a,Andrew Wilkins,35,South Alexis,2024-10-02,0
a2bdc815-b844-4466-af41-f2b0c15287bf,Allen Moreno,52,Wilsonborough,2025-07-21,0
92e434ac-7d28-443d-8b22-34a585ace285,Kimberly Morrow,75,Lake Heather,2025-04-30,0
566e65f6-6e4a-4dbb-adfc-17f16d4c1297,Adam Wallace,52,Littleton,2024-05-14,0
4e4b389c-83cb-44c7-978b-5c5970d97304,Katherine George,26,Port John,2025-07-31,0
5cb9b85b-76ee-45c6-a2cb-272b6f23d328,Lisa Cline,38,North Katieburgh,2025-02-26,0
2fddabbd-c75a-4cc2-b479-6afda262d610,Shannon Scott,41,Lake Denise,2024-06-23,0
b47cf2a8-cd38-4f52-af0d-44dd8aeafb2c,Meagan Griffin,30,Coxburgh,2024-09-05,0
37fa7a62-dc8f-48a5-9391-4068c117eb06,Peter Wilson,39,Port Robin,2025-03-02,0
c2daffe3-f741-41f6-9c9b-567e9f820f0d,Madison Taylor,45,Hallville,2024-09-19,0
25184bd7-0ea7-44c9-a72f-164ffb26f5b2,James Ibarra,72,Jeanetteville,2025-05-23,1
ab779b68-92b6-466b-99cc-ab61c0ebfc77,Hayden Yang,41,Mikaylaland,2025-02-22,1
b853fc38-196f-4399-96c3-0be9030ba8fa,Christina Warner,73,Sarahfurt,2025-06-28,0
6f1dfdbc-1a30-4070-858f-033a217c601d,Anna Powell,71,Ashleebury,2025-07-15,0
cf94962b-8ca1-49ad-b61a-1b1b162191e9,Yvette Ashley,57,Lake Elizabeth,2025-06-08,0
1b370575-cefd-443a-ab95-ebfb2219280a,Christopher Blanchard,20,Beltranside,2024-01-06,0
282f7469-0fbd-4210-9f87-3043eb360fa0,Ashley Chavez,59,South Oliviastad,2024-06-12,0
3fb70a31-4261-4783-aef9-cd3fe1c949ec,Shawn Santos,50,North Austin,2025-01-22,0
b00e787b-bf75-42fe-a15c-bf1355378dd3,Barbara Crawford,28,West Ashley,2025-11-07,0
29df954e-0166-4d8d-bbda-59cb24ed5698,William Ortega,29,East Russell,2025-09-25,0
7c127f69-88cb-4fbe-8065-2b08eb758244,Michael Rojas,70,Port Rebecca,2025-03-17,0
5e9c979e-1d2f-4b9b-b623-486a30701c0c,Christopher Alexander,48,Lisamouth,2024-05-04,0
dbe8eed8-2f18-4669-bc72-30ee4d1c7975,Diana Yang,19,Martinton,2024-11-02,0
910bb113-7c57-4004-9cbf-109e3c5d4e30,Stephen Arnold,34,Blakehaven,2025-10-23,0
dbd4ec55-a42f-428a-94cc-864c8d104d48,Christopher Harris,34,New Dawn,2025-08-11,0
c9cb78c6-d294-45b4-807d-af308eaa6210,Alex Brown,45,Wesleyview,2024-12-19,0
0dd8ea1c-5c10-4c5b-be70-8f7ffd319ce4,Mark Contreras,40,Bonillatown,2025-08-13,0
4493f2ec-e5f7-47fe-9fd7-99d27b44e9e7,Rachel Jones,43,Kevinton,2024-05-09,1
e947aab0-9e7f-4e38-9bd5-f5e6824ff524,Todd Gutierrez,57,East Chad,2024-04-20,0
c12600ee-c7c2-4836-a130-36390acda31f,Sarah Gutierrez,59,Mckinneyport,2024-03-08,0
363c5f81-a603-4300-9794-f9bc7ebec478,Shane Hardin,44,Suzanneview,2025-09-07,1
bfd288a4-f04f-49ad-9401-6290cc59410c,Kelly Cruz DVM,61,East Heatherview,2024-04-17,0
5a3a9d6a-4d2e-4477-8abc-43d0372ea53f,Theresa Oneal,74,Port Dannybury,2025-05-27,0
1aaafe23-ac4f-427b-83eb-bb75a15c837e,Aaron Cooper,29,Andrewhaven,2025-08-30,0
7fd68924-5d20-4daf-afcd-674c051def3e,Matthew Chung,71,South Tiffanyhaven,2024-01-27,1
f2ed2b42-f123-4f91-a572-0541f070268d,William Myers,39,South Jeanette,2024-05-05,0
6f2c241f-8019-4f8a-9481-c0743f2ccbf9,Melissa Garcia,34,Lake Brittanyport,2024-10-23,0
9af6dc51-d762-4443-9b30-c8625b2321ea,David Walker,29,Valeriehaven,2023-12-15,1
6bc82555-29a5-4429-85d7-487861e0f30f,John Jones,71,Lake Robert,2023-12-27,0
0f834476-060a-44a3-aeff-10f43737e562,Brenda Carpenter,56,North Michael,2025-08-12,1
120594d5-105a-4356-a042-28e825215ef7,Ann Spencer,43,West Ebony,2024-04-14,0
c730cf93-f3ed-44c5-8713-921576046f7b,Jacob Stevens,63,New Brenda,2025-10-07,1
9178cf49-2f2b-434d-8938-bb49eda31875,Ian Rodriguez,45,New Elizabethstad,2024-05-03,1
1f550dc9-b3d5-48fb-a38f-02efcd091823,Christine Salazar,62,Tiffanyton,2025-01-02,0
8c7544fc-8240-43c7-a621-83a682e298bc,David Aguilar,32,South Cheyenneberg,2024-02-16,0
7cb053b7-9505-445c-8d01-f0be1f2abb6b,Ana Anthony,53,Jeremystad,2025-05-22,0
00b029dc-ec3e-4187-bed4-7a150eebf91c,Edwin Gilbert,26,Ruthfort,2024-02-20,0
d25bc691-64b4-46ce-8a62-a91c877b59ca,Mark Rogers,58,West Emilyburgh,2024-08-04,0
8d1c8582-412a-44ff-8ed7-2fe663015d55,Misty Ellison MD,69,North Jeffrey,2024-12-21,0
bae74788-3f6e-4ef7-8251-be9f08cca707,Jamie Rice,44,Parkertown,2024-04-23,0
5783f8f1-0cc9-47bf-b9f1-4b3c53d02d46,Tamara Chung,50,Sandovalstad,2025-02-22,0
981c7b2e-0a72-4886-b595-46f8049a42f7,Nicole Moses,20,Gardnerbury,2025-05-25,0
eb6c5f52-4e2b-4710-91bf-808d6f19cb59,Heather Mcdonald,26,Krauseberg,2025-04-05,0
b74edfd4-e7c4-4382-92e3-7062cc1fbed1,Bethany Mcintyre,59,Ryanshire,2024-09-03,0
f3ac3a26-64f1-48f5-b2d6-a23eb250f20e,Jennifer Chandler,69,Port Jennifer,2025-01-07,0
d736c814-875b-4c05-8253-9fd78b67cf19,Christopher Castaneda,39,Suarezstad,2024-01-07,1
9b2604f5-6617-4118-a48e-70a7ab6bfc0d,Shari Buck,55,Lake Jason,2024-03-25,0
1b6a0765-70d8-42a3-a620-7a66064b0c5f,Kevin Bailey,43,Lewisbury,2024-06-04,0
